{
"type": "FeatureCollection",
"name": "geojson_obce",
"crs": { "type": "name", "properties": { "name": "urn:ogc:def:crs:EPSG::5514" } },
"features": [
{ "type": "Feature", "properties": { "AREA": 102644072, "PERIMETER": 83316, "ICZUJ": "500496", "NAZEV": "Olomouc", "OB91": 102786, "OB01": 103299, "OB_311202": 101624.0, "NUTS5": "CZ0712500496", "NUTS4": "CZ0712", "NUTS3": "CZ071", "KRAJ1960": "3800", "NUTS2": "CZ07", "NK": "OL", "KODOK": "3805", "KODOB": "11050", "KO": "7", "ICOBCE": "500496", "OM": "3", "UR": "1", "SM": "11", "PSC": "77200", "KODST": "11050", "KODFI": "11050", "KODMA": "11050", "SYOB": 547169, "SXOB": 1121464, "SYOB1": -547169, "SXOB1": -1121464, "MAPA": "24-22-19", "CISPOU": "71072", "OKPO": "3805", "KODPO": "11050", "NAZPO": "Olomouc", "CISORP": "7107", "OKORP": "3805", "KODORP": "11050", "NAZORP": "Olomouc", "NAZEV_ENG": "Olomouc", "NAZPO_ENG": "Olomouc", "NAZORP_ENG": "Olomouc" }, "geometry": { "type": "MultiPolygon", "coordinates": [ [ [ [ -546165.885070021729916, -1127862.161192616680637 ], [ -546408.625000002328306, -1127829.000000001862645 ], [ -546574.625000002328306, -1127195.999999996973202 ], [ -546884.687499999767169, -1127140.000000003259629 ], [ -547180.874999996740371, -1126591.999999998370185 ], [ -547640.312499998835847, -1126619.000000000931323 ], [ -547919.499999997322448, -1126862.999999998835847 ], [ -548174.875000000465661, -1126685.999999996740371 ], [ -548286.687499997788109, -1126336.0 ], [ -548446.312499998370185, -1126364.999999998835847 ], [ -548430.874999998835847, -1126498.999999998137355 ], [ -549167.874999998603016, -1126622.000000002793968 ], [ -549758.812499997089617, -1126541.000000002793968 ], [ -550020.375000001862645, -1126308.999999997671694 ], [ -550532.187500000698492, -1125684.000000000232831 ], [ -550917.812500002677552, -1126044.000000000931323 ], [ -551070.187500001629815, -1125948.999999996973202 ], [ -551936.375000000232831, -1126183.999999996740371 ], [ -552389.875000000232831, -1125231.999999997671694 ], [ -552214.312500001047738, -1125085.999999998137355 ], [ -552386.81249999650754, -1124842.999999998137355 ], [ -551039.000000001396984, -1124267.999999998137355 ], [ -551021.812499997555278, -1123239.999999997438863 ], [ -550318.374999997438863, -1122999.999999999534339 ], [ -549873.999999999301508, -1122578.000000001396984 ], [ -550123.124999999068677, -1122648.999999997206032 ], [ -550313.312499997438863, -1122206.999999998603016 ], [ -550723.500000000698492, -1122275.12500000349246 ], [ -550753.062500000349246, -1122106.625000000698492 ], [ -551161.625000002910383, -1122117.000000000232831 ], [ -552719.812500002211891, -1122411.000000003026798 ], [ -553378.374999999185093, -1122777.999999998370185 ], [ -553602.187499998952262, -1122290.000000002328306 ], [ -553623.875000001862645, -1122146.999999997206032 ], [ -552954.87500000372529, -1122169.999999999534339 ], [ -553247.499999997904524, -1121267.999999997904524 ], [ -553075.812500002793968, -1120308.999999996740371 ], [ -552779.124999999185093, -1120234.999999998835847 ], [ -552793.125000003259629, -1120093.375000002561137 ], [ -552643.625000002677552, -1119858.999999997904524 ], [ -552308.99999999627471, -1119761.499999998603016 ], [ -551856.687499999767169, -1119785.999999998137355 ], [ -551609.500000002095476, -1119866.999999998137355 ], [ -551667.499999999534339, -1120053.999999996740371 ], [ -551538.375000002561137, -1120115.00000000372529 ], [ -551402.187500001629815, -1119844.000000003259629 ], [ -550800.624999996623956, -1120081.999999997206032 ], [ -550945.500000002095476, -1119679.999999999534339 ], [ -550573.312500003259629, -1119466.99999999650754 ], [ -550116.687499997904524, -1119364.999999997904524 ], [ -549454.125000000931323, -1119550.000000000232831 ], [ -549180.31250000372529, -1119376.0 ], [ -549461.125000002910383, -1119028.999999997904524 ], [ -548969.124999999301508, -1118715.000000002095476 ], [ -548823.500000002793968, -1118445.999999997671694 ], [ -548655.375000002910383, -1118611.999999997904524 ], [ -548553.687499998137355, -1118512.000000003026798 ], [ -548653.81249999650754, -1118165.999999999068677 ], [ -548499.374999999417923, -1118072.000000000465661 ], [ -547988.312499999301508, -1118306.000000002095476 ], [ -548134.703677478479221, -1118041.643116390798241 ], [ -548130.276947469916195, -1118046.62776609743014 ], [ -548071.528600227786228, -1118113.983399919234216 ], [ -548013.384594169445336, -1118181.861410121666268 ], [ -547955.849573920480907, -1118250.256374528165907 ], [ -547898.928135460242629, -1118319.162829626584426 ], [ -547842.624825777485967, -1118388.575271085835993 ], [ -547786.944142444990575, -1118458.48815412283875 ], [ -547731.89053332596086, -1118528.895893995417282 ], [ -547677.468396186362952, -1118599.792866422561929 ], [ -547623.682078350451775, -1118671.173408062197268 ], [ -547570.535876348149031, -1118743.031816916074604 ], [ -547518.034035572083667, -1118815.362352831056342 ], [ -547466.180749955121428, -1118888.159237940097228 ], [ -547414.980161611223593, -1118961.416657111607492 ], [ -547364.436360521358438, -1119035.128758443053812 ], [ -547314.553384204162285, -1119109.289653688203543 ], [ -547265.335217371582985, -1119183.893418772146106 ], [ -547216.785791667411104, -1119258.934094241820276 ], [ -547168.908985270420089, -1119334.405685720732436 ], [ -547121.708622669335455, -1119410.302164427004755 ], [ -547075.188474282622337, -1119486.617467643460259 ], [ -547029.352256224723533, -1119563.345499190269038 ], [ -546984.203629956115037, -1119640.480129909701645 ], [ -546939.746202012291178, -1119718.015198184177279 ], [ -546895.983523728442378, -1119795.944510376546532 ], [ -546852.919090916402638, -1119874.26184139912948 ], [ -546810.556343648349866, -1119952.960935133509338 ], [ -546768.89866590523161, -1120032.035504975123331 ], [ -546727.949385381420143, -1120111.479234336176887 ], [ -546687.711773156421259, -1120191.28577713156119 ], [ -546648.189043469727039, -1120271.448758294805884 ], [ -546609.384353459114209, -1120351.961774287046865 ], [ -546571.300802906509489, -1120432.818393606226891 ], [ -546533.941433975356631, -1120514.012157303048298 ], [ -546497.309230986982584, -1120595.536579504841939 ], [ -546461.407120188232511, -1120677.385147917084396 ], [ -546426.237969474634156, -1120759.551324347034097 ], [ -546391.804588232771493, -1120842.028545242501423 ], [ -546358.1097270345781, -1120924.810222193365917 ], [ -546325.156077486695722, -1121007.889742492465302 ], [ -546292.946271969238296, -1121091.260469599626958 ], [ -546261.482883455464616, -1121174.915743756107986 ], [ -546230.768425280693918, -1121258.848882446764037 ], [ -546200.805350969312713, -1121343.05318095558323 ], [ -546171.596054011257365, -1121427.521912940777838 ], [ -546143.142867696471512, -1121512.248330891365185 ], [ -546115.448064898373559, -1121597.22566674137488 ], [ -546088.513857924146578, -1121682.447132378118113 ], [ -546062.342398320324719, -1121767.905920180957764 ], [ -546036.935776700265706, -1121853.595203574979678 ], [ -546012.296022579888813, -1121939.508137570461258 ], [ -545988.42510422039777, -1122025.637859316077083 ], [ -545965.324928471352905, -1122111.97748863697052 ], [ -545942.997340605477802, -1122198.52012859005481 ], [ -545921.444124184781685, -1122285.258866031421348 ], [ -545900.667000917950645, -1122372.186772132990882 ], [ -545880.667630502721295, -1122459.296902966685593 ], [ -545861.447610522271134, -1122546.582300042267889 ], [ -545843.008476301794872, -1122634.035990877076983 ], [ -545825.351700789993629, -1122721.650989526417106 ], [ -545808.478694430552423, -1122809.420297190314159 ], [ -545792.390805073548108, -1122897.336902714101598 ], [ -545777.089317832840607, -1122985.393783188192174 ], [ -545762.575455018086359, -1123073.583904493134469 ], [ -545748.850376016343944, -1123161.900221884483472 ], [ -545735.915177215705626, -1123250.335680515039712 ], [ -545723.770891894353554, -1123338.88321601995267 ], [ -545712.418490152689628, -1123427.535755099728703 ], [ -545701.858878838131204, -1123516.286216059466824 ], [ -545692.092901471070945, -1123605.127509361598641 ], [ -545683.121338169439696, -1123694.052538255462423 ], [ -545674.944905604002997, -1123783.054199255770072 ], [ -545667.56425690848846, -1123872.125382785918191 ], [ -545660.979981665033847, -1123961.258973702555522 ], [ -545655.192605843651108, -1124050.447851886041462 ], [ -545650.202591735403985, -1124139.684892793884501 ], [ -545646.010337952291593, -1124228.962968038395047 ], [ -545642.61617938184645, -1124318.274945945711806 ], [ -545640.020387158263475, -1124407.61369215650484 ], [ -545638.223168631549925, -1124496.972070141462609 ], [ -545637.224667367641814, -1124586.342941829003394 ], [ -545637.024963126517832, -1124675.71916813054122 ], [ -545637.624071861617267, -1124765.093609553296119 ], [ -545639.021945712389424, -1124854.45912672393024 ], [ -545641.218473027343862, -1124943.808580995537341 ], [ -545644.213478325866163, -1125033.134835000382736 ], [ -545648.006722380872816, -1125122.43075321870856 ], [ -545652.597902166540734, -1125211.689202555688098 ], [ -545657.986650940496475, -1125300.903052924433723 ], [ -545664.172538243932649, -1125390.065177777549252 ], [ -545671.155069931177422, -1125479.168454720405862 ], [ -545678.933688237564638, -1125568.205766050377861 ], [ -545687.507771786302328, -1125657.169999324949458 ], [ -545696.876635663909838, -1125746.054047946119681 ], [ -545707.039531487156637, -1125834.850811735959724 ], [ -545717.995647410862148, -1125923.553197467932478 ], [ -545729.744108255021274, -1126012.154119466431439 ], [ -545742.283975534141064, -1126100.646500151138753 ], [ -545755.614247540361248, -1126189.023270623059943 ], [ -545769.73385943309404, -1126277.277371208649129 ], [ -545784.64168332121335, -1126365.401752045145258 ], [ -545800.336528337327763, -1126453.389373617712408 ], [ -545816.817140758503228, -1126541.2332073522266 ], [ -545834.082204087870196, -1126628.926236145431176 ], [ -545852.130339167546481, -1126716.461454949108884 ], [ -545870.960104289697483, -1126803.831871315836906 ], [ -545890.569995295256376, -1126891.030505968490615 ], [ -545910.95844572247006, -1126978.05039335321635 ], [ -545932.12382690468803, -1127064.884582185884938 ], [ -545954.064448134740815, -1127151.526136021362618 ], [ -545976.778556747594848, -1127237.968133798567578 ], [ -546000.264338307315484, -1127324.203670410672203 ], [ -546024.51991674862802, -1127410.225857234792784 ], [ -546049.543354482739232, -1127496.027822679374367 ], [ -546075.332652606070042, -1127581.602712768130004 ], [ -546101.885751035297289, -1127666.943691639462486 ], [ -546129.200528664048761, -1127752.043942125048488 ], [ -546157.27480355091393, -1127836.896666301880032 ], [ -546165.885070021729916, -1127862.161192616680637 ] ] ] ] } },
{ "type": "Feature", "properties": { "AREA": 6647245, "PERIMETER": 15077, "ICZUJ": "500801", "NAZEV": "Blatec", "OB91": 569, "OB01": 573, "OB_311202": 567.0, "NUTS5": "CZ0712500801", "NUTS4": "CZ0712", "NUTS3": "CZ071", "KRAJ1960": "3800", "NUTS2": "CZ07", "NK": "OL", "KODOK": "3805", "KODOB": "00520", "KO": "7", "ICOBCE": "500801", "OM": "8", "UR": "4", "SM": null, "PSC": "78375", "KODST": "11050", "KODFI": "11050", "KODMA": "11050", "SYOB": 548777, "SXOB": 1128627, "SYOB1": -548777, "SXOB1": -1128627, "MAPA": "24-24-04", "CISPOU": "71072", "OKPO": "3805", "KODPO": "11050", "NAZPO": "Olomouc", "CISORP": "7107", "OKORP": "3805", "KODORP": "11050", "NAZORP": "Olomouc", "NAZEV_ENG": "Blatec", "NAZPO_ENG": "Olomouc", "NAZORP_ENG": "Olomouc" }, "geometry": { "type": "MultiPolygon", "coordinates": [ [ [ [ -546305.758718819124624, -1128248.818517175037414 ], [ -546308.958032015478238, -1128257.21087910910137 ], [ -546341.540084891603328, -1128340.436833843588829 ], [ -546374.864673016127199, -1128423.368260555434972 ], [ -546408.929134377045557, -1128505.998534564860165 ], [ -546443.730747862486169, -1128588.32105524209328 ], [ -546479.26673344837036, -1128670.329246531007811 ], [ -546515.534252482233569, -1128752.01655750349164 ], [ -546552.530407855752856, -1128833.376462851651013 ], [ -546590.252244258532301, -1128914.402463421225548 ], [ -546628.696748418384232, -1128995.088086741510779 ], [ -546667.860849332413636, -1129075.42688751895912 ], [ -546707.741418507299386, -1129155.41244817757979 ], [ -546748.335270220646635, -1129235.038379335775971 ], [ -546789.639161783154123, -1129314.298320369096473 ], [ -546831.649793777847663, -1129393.185939874034375 ], [ -546853.073691103840247, -1129432.563381094951183 ], [ -547254.875000002211891, -1129483.99999999627471 ], [ -547265.874999996740371, -1129255.000000000465661 ], [ -547586.812500000465661, -1129389.999999997904524 ], [ -547798.125000000931323, -1129174.000000000465661 ], [ -548812.87500000372529, -1129218.999999999534339 ], [ -549542.187499997089617, -1129590.000000002328306 ], [ -549976.625000000465661, -1129567.0 ], [ -550816.500000000931323, -1130056.000000001629815 ], [ -551211.625000000232831, -1129890.000000001629815 ], [ -551505.312500001862645, -1129387.00000000349246 ], [ -551325.812499996973202, -1128578.000000002095476 ], [ -550804.374999997206032, -1128294.000000003026798 ], [ -550604.874999999301508, -1127894.999999999767169 ], [ -550461.125000003026798, -1128296.999999997438863 ], [ -548628.312499998719431, -1128047.000000003026798 ], [ -548610.312500002095476, -1128215.999999997671694 ], [ -547891.375000000698492, -1128477.000000001629815 ], [ -547058.81250000349246, -1128531.999999997206032 ], [ -546368.625000001396984, -1128181.000000002328306 ], [ -546305.758718819124624, -1128248.818517175037414 ] ] ] ] } },
{ "type": "Feature", "properties": { "AREA": 7773431, "PERIMETER": 13560, "ICZUJ": "500879", "NAZEV": "Bystroèice", "OB91": 606, "OB01": 589, "OB_311202": 595.0, "NUTS5": "CZ0712500879", "NUTS4": "CZ0712", "NUTS3": "CZ071", "KRAJ1960": "3800", "NUTS2": "CZ07", "NK": "OL", "KODOK": "3805", "KODOB": "01667", "KO": "5", "ICOBCE": "500879", "OM": "8", "UR": "4", "SM": null, "PSC": "77200", "KODST": "08912", "KODFI": "11050", "KODMA": "11050", "SYOB": 551934, "SXOB": 1127428, "SYOB1": -551934, "SXOB1": -1127428, "MAPA": "24-24-03", "CISPOU": "71072", "OKPO": "3805", "KODPO": "11050", "NAZPO": "Olomouc", "CISORP": "7107", "OKORP": "3805", "KODORP": "11050", "NAZORP": "Olomouc", "NAZEV_ENG": "Bystrocice", "NAZPO_ENG": "Olomouc", "NAZORP_ENG": "Olomouc" }, "geometry": { "type": "MultiPolygon", "coordinates": [ [ [ [ -550020.375000001862645, -1126308.999999997671694 ], [ -550604.874999999301508, -1127894.999999999767169 ], [ -550804.374999997206032, -1128294.000000003026798 ], [ -551325.812499996973202, -1128578.000000002095476 ], [ -552378.500000002561137, -1128891.999999997904524 ], [ -552591.812499999301508, -1128526.000000000931323 ], [ -552823.374999999767169, -1127331.000000001862645 ], [ -553254.625000003376044, -1127072.000000001629815 ], [ -552894.12500000372529, -1126481.000000001396984 ], [ -553832.874999997206032, -1125697.999999996740371 ], [ -552386.81249999650754, -1124842.999999998137355 ], [ -552214.312500001047738, -1125085.999999998137355 ], [ -552389.875000000232831, -1125231.999999997671694 ], [ -551936.375000000232831, -1126183.999999996740371 ], [ -551070.187500001629815, -1125948.999999996973202 ], [ -550917.812500002677552, -1126044.000000000931323 ], [ -550532.187500000698492, -1125684.000000000232831 ], [ -550020.375000001862645, -1126308.999999997671694 ] ] ] ] } },
{ "type": "Feature", "properties": { "AREA": 13334273, "PERIMETER": 20491, "ICZUJ": "501751", "NAZEV": "Drahanovice", "OB91": 1604, "OB01": 1706, "OB_311202": 1713.0, "NUTS5": "CZ0712501751", "NUTS4": "CZ0712", "NUTS3": "CZ071", "KRAJ1960": "3800", "NUTS2": "CZ07", "NK": "OL", "KODOK": "3805", "KODOB": "03147", "KO": "0", "ICOBCE": "501751", "OM": "8", "UR": "4", "SM": null, "PSC": "78344", "KODST": "10154", "KODFI": "11050", "KODMA": "03147", "SYOB": 559847, "SXOB": 1121899, "SYOB1": -559847, "SXOB1": -1121899, "MAPA": "24-22-17", "CISPOU": "71072", "OKPO": "3805", "KODPO": "11050", "NAZPO": "Olomouc", "CISORP": "7107", "OKORP": "3805", "KODORP": "11050", "NAZORP": "Olomouc", "NAZEV_ENG": "Drahanovice", "NAZPO_ENG": "Olomouc", "NAZORP_ENG": "Olomouc" }, "geometry": { "type": "MultiPolygon", "coordinates": [ [ [ [ -558353.187500003259629, -1120651.999999999068677 ], [ -558213.624999997438863, -1120688.999999997904524 ], [ -558156.312499996740371, -1121096.999999999534339 ], [ -558519.125000001629815, -1121205.000000002095476 ], [ -558628.812499999068677, -1122064.999999999068677 ], [ -559023.812500002328306, -1121954.000000002095476 ], [ -559136.187500000465661, -1123049.999999996973202 ], [ -560446.375000001629815, -1123400.999999999301508 ], [ -561377.875000001164153, -1123340.999999997904524 ], [ -561533.874999997206032, -1123650.000000003026798 ], [ -561411.81249999627471, -1124098.99999999627471 ], [ -561054.687500001629815, -1124288.999999996740371 ], [ -561349.312499999534339, -1124675.000000001862645 ], [ -561292.125000002444722, -1124311.999999999301508 ], [ -561670.874999998370185, -1124081.999999997904524 ], [ -561808.624999998137355, -1124215.999999997206032 ], [ -561971.812500001513399, -1124065.999999997438863 ], [ -562083.500000002793968, -1124149.999999999301508 ], [ -562383.687499999767169, -1123785.000000000465661 ], [ -562817.624999996623956, -1123931.0 ], [ -563000.0, -1123666.000000003259629 ], [ -562663.624999996973202, -1123489.000000001164153 ], [ -562804.6875, -1123206.999999998603016 ], [ -563107.50000000349246, -1123262.000000001862645 ], [ -563316.125000003259629, -1122829.000000001396984 ], [ -563214.500000000232831, -1122318.000000002793968 ], [ -564031.374999998370185, -1121255.999999997671694 ], [ -564049.375000002444722, -1120910.999999999068677 ], [ -563873.374999998486601, -1120606.999999999767169 ], [ -562691.000000002444722, -1120830.999999997438863 ], [ -562093.000000000232831, -1120395.000000002561137 ], [ -561004.625000002561137, -1120307.000000000465661 ], [ -560743.500000002444722, -1120368.999999998137355 ], [ -560860.187500001862645, -1120841.000000001396984 ], [ -560150.125000002793968, -1121011.999999999534339 ], [ -558461.37500000349246, -1120951.0 ], [ -558353.187500003259629, -1120651.999999999068677 ] ] ] ] } },
{ "type": "Feature", "properties": { "AREA": 15397160, "PERIMETER": 19561, "ICZUJ": "501794", "NAZEV": "Dub nad Moravou", "OB91": 1318, "OB01": 1430, "OB_311202": 1472.0, "NUTS5": "CZ0712501794", "NUTS4": "CZ0712", "NUTS3": "CZ071", "KRAJ1960": "3800", "NUTS2": "CZ07", "NK": "OL", "KODOK": "3805", "KODOB": "03327", "KO": "8", "ICOBCE": "501794", "OM": "8", "UR": "4", "SM": null, "PSC": "78375", "KODST": "03327", "KODFI": "11050", "KODMA": "03327", "SYOB": 546495, "SXOB": 1133979, "SYOB1": -546495, "SXOB1": -1133979, "MAPA": "24-24-10", "CISPOU": "71072", "OKPO": "3805", "KODPO": "11050", "NAZPO": "Olomouc", "CISORP": "7107", "OKORP": "3805", "KODORP": "11050", "NAZORP": "Olomouc", "NAZEV_ENG": "Dub nad Moravou", "NAZPO_ENG": "Olomouc", "NAZORP_ENG": "Olomouc" }, "geometry": { "type": "MultiPolygon", "coordinates": [ [ [ [ -549831.097755824099295, -1132795.258252056781203 ], [ -549920.624999999301508, -1132471.99999999627471 ], [ -550004.375000001629815, -1132036.000000001396984 ], [ -550239.312499999534339, -1131870.999999999534339 ], [ -549883.687500002095476, -1131744.000000002328306 ], [ -549760.062500002328306, -1131883.749999998603016 ], [ -548363.41179999243468, -1131515.812554497038946 ], [ -548401.996284307679161, -1131556.614908475195989 ], [ -548463.983346943859942, -1131621.002436581067741 ], [ -548526.543400893104263, -1131684.833380185533315 ], [ -548589.671448758104816, -1131748.102640355937183 ], [ -548653.362447780440561, -1131810.805163072422147 ], [ -548717.611310222186148, -1131872.935939548769966 ], [ -548782.412903792690486, -1131934.490006681531668 ], [ -548847.762052044854499, -1131995.462447454221547 ], [ -548913.653534786542878, -1132055.848391289357096 ], [ -548980.082088515162468, -1132115.643014466390014 ], [ -549047.042406806140207, -1132174.841540504712611 ], [ -549114.529140777536668, -1132233.439240529201925 ], [ -549182.536899485858157, -1132291.431433682795614 ], [ -549251.060250368434936, -1132348.81348744686693 ], [ -549320.093719676369801, -1132405.580818061949685 ], [ -549389.631792917149141, -1132461.728890878148377 ], [ -549459.668915287591517, -1132517.253220692276955 ], [ -549530.199492108658887, -1132572.149372137151659 ], [ -549601.217889296589419, -1132626.41296003293246 ], [ -549672.718433796893805, -1132680.039649724261835 ], [ -549744.695414040470496, -1132733.025157416472211 ], [ -549817.143080393550918, -1132785.365250565577298 ], [ -549831.097755824099295, -1132795.258252056781203 ] ] ] ] } },
{ "type": "Feature", "properties": { "AREA": 11589719, "PERIMETER": 16826, "ICZUJ": "502235", "NAZEV": "Hnìvotín", "OB91": 1044, "OB01": 1133, "OB_311202": 1163.0, "NUTS5": "CZ0712502235", "NUTS4": "CZ0712", "NUTS3": "CZ071", "KRAJ1960": "3800", "NUTS2": "CZ07", "NK": "OL", "KODOK": "3805", "KODOB": "04015", "KO": "1", "ICOBCE": "502235", "OM": "8", "UR": "4", "SM": null, "PSC": "78347", "KODST": "08912", "KODFI": "11050", "KODMA": "11050", "SYOB": 552543, "SXOB": 1123365, "SYOB1": -552543, "SXOB1": -1123365, "MAPA": "24-22-18", "CISPOU": "71072", "OKPO": "3805", "KODPO": "11050", "NAZPO": "Olomouc", "CISORP": "7107", "OKORP": "3805", "KODORP": "11050", "NAZORP": "Olomouc", "NAZEV_ENG": "Hnevotin", "NAZPO_ENG": "Olomouc", "NAZORP_ENG": "Olomouc" }, "geometry": { "type": "MultiPolygon", "coordinates": [ [ [ [ -552386.81249999650754, -1124842.999999998137355 ], [ -553832.874999997206032, -1125697.999999996740371 ], [ -553744.625000003259629, -1125259.999999998137355 ], [ -553903.625000001164153, -1125154.999999997671694 ], [ -554630.250000001396984, -1125699.500000001629815 ], [ -555003.250000000465661, -1125290.250000002095476 ], [ -554727.874999996973202, -1124959.999999998835847 ], [ -555514.375000002561137, -1123178.999999997904524 ], [ -555081.625000001629815, -1122994.000000003259629 ], [ -555029.499999996973202, -1122794.999999996740371 ], [ -554617.124999999534339, -1122534.999999998370185 ], [ -553602.187499998952262, -1122290.000000002328306 ], [ -553378.374999999185093, -1122777.999999998370185 ], [ -552719.812500002211891, -1122411.000000003026798 ], [ -551161.625000002910383, -1122117.000000000232831 ], [ -550753.062500000349246, -1122106.625000000698492 ], [ -550723.500000000698492, -1122275.12500000349246 ], [ -550313.312499997438863, -1122206.999999998603016 ], [ -550123.124999999068677, -1122648.999999997206032 ], [ -549873.999999999301508, -1122578.000000001396984 ], [ -550318.374999997438863, -1122999.999999999534339 ], [ -551021.812499997555278, -1123239.999999997438863 ], [ -551039.000000001396984, -1124267.999999998137355 ], [ -552386.81249999650754, -1124842.999999998137355 ] ] ] ] } },
{ "type": "Feature", "properties": { "AREA": 11802946, "PERIMETER": 22635, "ICZUJ": "502545", "NAZEV": "Horka nad Moravou", "OB91": 2054, "OB01": 2073, "OB_311202": 2089.0, "NUTS5": "CZ0712502545", "NUTS4": "CZ0712", "NUTS3": "CZ071", "KRAJ1960": "3800", "NUTS2": "CZ07", "NK": "OL", "KODOK": "3805", "KODOB": "04206", "KO": "4", "ICOBCE": "502545", "OM": "8", "UR": "4", "SM": null, "PSC": "78335", "KODST": "11050", "KODFI": "11050", "KODMA": "04206", "SYOB": 549547, "SXOB": 1116061, "SYOB1": -549547, "SXOB1": -1116061, "MAPA": "24-22-09", "CISPOU": "71072", "OKPO": "3805", "KODPO": "11050", "NAZPO": "Olomouc", "CISORP": "7107", "OKORP": "3805", "KODORP": "11050", "NAZORP": "Olomouc", "NAZEV_ENG": "Horka nad Moravou", "NAZPO_ENG": "Olomouc", "NAZORP_ENG": "Olomouc" }, "geometry": { "type": "MultiPolygon", "coordinates": [ [ [ [ -548134.703677478479221, -1118041.643116390798241 ], [ -547988.312499999301508, -1118306.000000002095476 ], [ -548499.374999999417923, -1118072.000000000465661 ], [ -548653.81249999650754, -1118165.999999999068677 ], [ -549191.812499997438863, -1117720.999999998370185 ], [ -549500.624999997206032, -1117753.999999997206032 ], [ -549712.375000002561137, -1117976.99999999650754 ], [ -549918.124999996391125, -1117821.000000000465661 ], [ -550124.812500001629815, -1117975.999999998370185 ], [ -550180.124999998603016, -1117813.000000000465661 ], [ -550697.625, -1117610.000000001396984 ], [ -550921.31250000372529, -1117886.0 ], [ -551500.812500002793968, -1117868.00000000349246 ], [ -551983.12500000372529, -1117394.25000000349246 ], [ -551922.499999999767169, -1116948.249999997206032 ], [ -551244.125000000116415, -1116520.624999998137355 ], [ -551254.499999999650754, -1115959.999999997904524 ], [ -551023.491562874754891, -1115781.299323569284752 ], [ -550995.857006555655971, -1115795.62180212396197 ], [ -550916.87571472406853, -1115837.456061423756182 ], [ -550838.27147348318249, -1115879.994549526600167 ], [ -550760.050561864394695, -1115923.233868391485885 ], [ -550682.219228264410049, -1115967.170563998399302 ], [ -550604.783689973526634, -1116011.801126617006958 ], [ -550527.750132651999593, -1116057.121991099324077 ], [ -550451.124709858675487, -1116103.129537140484899 ], [ -550374.913542549591511, -1116149.820089587476104 ], [ -550299.122718584258109, -1116197.189918735995889 ], [ -550223.758292246144265, -1116245.235240609152243 ], [ -550148.826283764792606, -1116293.95221727155149 ], [ -550074.332678813487291, -1116343.336957142455503 ], [ -550000.283428053255193, -1116393.385515288449824 ], [ -549926.68444665428251, -1116444.093893760815263 ], [ -549853.541613808716647, -1116495.458041900536045 ], [ -549780.860772282467224, -1116547.473856661934406 ], [ -549708.647727920906618, -1116600.137182940496132 ], [ -549636.908249214757234, -1116653.443813910475001 ], [ -549565.648066814406775, -1116707.389491368783638 ], [ -549494.872873102547601, -1116761.969906034413725 ], [ -549424.588321700692177, -1116817.180697959847748 ], [ -549354.800027042627335, -1116873.017456815112382 ], [ -549285.513563925633207, -1116929.47572227823548 ], [ -549216.734467053553089, -1116986.55098438472487 ], [ -549148.468230603495613, -1117044.238683866569772 ], [ -549080.720307783223689, -1117102.53421254712157 ], [ -549013.496110405772924, -1117161.432913701515645 ], [ -548946.801008425303735, -1117220.930082399398088 ], [ -548880.640329562360421, -1117281.020965925883502 ], [ -548815.019358825171366, -1117341.700764131965116 ], [ -548749.943338113604113, -1117402.964629815891385 ], [ -548685.417465807171538, -1117464.807669143425301 ], [ -548621.446896308334544, -1117527.224941990803927 ], [ -548558.03673969884403, -1117590.211462364764884 ], [ -548495.192061275360174, -1117653.762198828626424 ], [ -548432.917881160858087, -1117717.872074831044301 ], [ -548371.21917390730232, -1117782.53596919355914 ], [ -548310.100868107168935, -1117847.748716468689963 ], [ -548249.567845981568098, -1117913.505107359495014 ], [ -548189.624942991300486, -1117979.799889146350324 ], [ -548134.703677478479221, -1118041.643116390798241 ] ] ] ] } },
{ "type": "Feature", "properties": { "AREA": 6641083, "PERIMETER": 13002, "ICZUJ": "503304", "NAZEV": "Kouany-Táaly", "OB91": 773, "OB01": 808, "OB_311202": 827.0, "NUTS5": "CZ0712503304", "NUTS4": "CZ0712", "NUTS3": "CZ071", "KRAJ1960": "3800", "NUTS2": "CZ07", "NK": "OL", "KODOK": "3805", "KODOB": "07210", "KO": "9", "ICOBCE": "503304", "OM": "8", "UR": "4", "SM": null, "PSC": "78375", "KODST": "11050", "KODFI": "11050", "KODMA": "11050", "SYOB": 547553, "SXOB": 1127477, "SYOB1": -547553, "SXOB1": -1127477, "MAPA": "24-22-24", "CISPOU": "71072", "OKPO": "3805", "KODPO": "11050", "NAZPO": "Olomouc", "CISORP": "7107", "OKORP": "3805", "KODORP": "11050", "NAZORP": "Olomouc", "NAZEV_ENG": "Kozusany-Tazaly", "NAZPO_ENG": "Olomouc", "NAZORP_ENG": "Olomouc" }, "geometry": { "type": "MultiPolygon", "coordinates": [ [ [ [ -546165.885070021729916, -1127862.161192616680637 ], [ -546186.106333075324073, -1127921.495086002163589 ], [ -546215.692814140813425, -1128005.832443381426856 ], [ -546246.031883323565125, -1128089.902001434471458 ], [ -546277.121117105474696, -1128173.697044572560117 ], [ -546305.758718819124624, -1128248.818517175037414 ], [ -546368.625000001396984, -1128181.000000002328306 ], [ -547058.81250000349246, -1128531.999999997206032 ], [ -547891.375000000698492, -1128477.000000001629815 ], [ -548610.312500002095476, -1128215.999999997671694 ], [ -548628.312499998719431, -1128047.000000003026798 ], [ -550461.125000003026798, -1128296.999999997438863 ], [ -550604.874999999301508, -1127894.999999999767169 ], [ -550020.375000001862645, -1126308.999999997671694 ], [ -549758.812499997089617, -1126541.000000002793968 ], [ -549167.874999998603016, -1126622.000000002793968 ], [ -548430.874999998835847, -1126498.999999998137355 ], [ -548446.312499998370185, -1126364.999999998835847 ], [ -548286.687499997788109, -1126336.0 ], [ -548174.875000000465661, -1126685.999999996740371 ], [ -547919.499999997322448, -1126862.999999998835847 ], [ -547640.312499998835847, -1126619.000000000931323 ], [ -547180.874999996740371, -1126591.999999998370185 ], [ -546884.687499999767169, -1127140.000000003259629 ], [ -546574.625000002328306, -1127195.999999996973202 ], [ -546408.625000002328306, -1127829.000000001862645 ], [ -546165.885070021729916, -1127862.161192616680637 ] ] ] ] } },
{ "type": "Feature", "properties": { "AREA": 8474682, "PERIMETER": 13796, "ICZUJ": "503657", "NAZEV": "Lutín", "OB91": 3331, "OB01": 3223, "OB_311202": 3208.0, "NUTS5": "CZ0712503657", "NUTS4": "CZ0712", "NUTS3": "CZ071", "KRAJ1960": "3800", "NUTS2": "CZ07", "NK": "OL", "KODOK": "3805", "KODOB": "08912", "KO": "5", "ICOBCE": "503657", "OM": "8", "UR": "4", "SM": null, "PSC": "78349", "KODST": "08912", "KODFI": "11050", "KODMA": "08912", "SYOB": 555848, "SXOB": 1124552, "SYOB1": -555848, "SXOB1": -1124552, "MAPA": "24-22-23", "CISPOU": "71072", "OKPO": "3805", "KODPO": "11050", "NAZPO": "Olomouc", "CISORP": "7107", "OKORP": "3805", "KODORP": "11050", "NAZORP": "Olomouc", "NAZEV_ENG": "Lutin", "NAZPO_ENG": "Olomouc", "NAZORP_ENG": "Olomouc" }, "geometry": { "type": "MultiPolygon", "coordinates": [ [ [ [ -555514.375000002561137, -1123178.999999997904524 ], [ -554727.874999996973202, -1124959.999999998835847 ], [ -555003.250000000465661, -1125290.250000002095476 ], [ -554630.250000001396984, -1125699.500000001629815 ], [ -554725.625000001047738, -1125967.999999999301508 ], [ -556091.374999998603016, -1125991.999999999767169 ], [ -556590.687499998137355, -1127624.999999997438863 ], [ -557110.249999997671694, -1127583.249999999767169 ], [ -557253.937499999534339, -1127299.000000001164153 ], [ -557358.81249999650754, -1127336.999999998370185 ], [ -557947.187499997904524, -1125830.999999997904524 ], [ -558009.812499998137355, -1125000.999999997904524 ], [ -557853.812500002095476, -1124793.999999998835847 ], [ -557010.687500000116415, -1124604.99999999650754 ], [ -557057.125000002211891, -1124203.999999996740371 ], [ -556559.687500003026798, -1123897.000000003026798 ], [ -556547.625000001047738, -1123583.999999997671694 ], [ -556711.874999996740371, -1123391.000000002793968 ], [ -556698.312499997555278, -1123263.0 ], [ -556300.12500000197906, -1123275.999999998370185 ], [ -555808.500000001396984, -1123007.000000001629815 ], [ -555514.375000002561137, -1123178.999999997904524 ] ] ] ] } },
{ "type": "Feature", "properties": { "AREA": 11636565, "PERIMETER": 18935, "ICZUJ": "504441", "NAZEV": "Náklo", "OB91": 1325, "OB01": 1431, "OB_311202": 1429.0, "NUTS5": "CZ0712504441", "NUTS4": "CZ0712", "NUTS3": "CZ071", "KRAJ1960": "3800", "NUTS2": "CZ07", "NK": "OL", "KODOK": "3805", "KODOB": "10140", "KO": "1", "ICOBCE": "504441", "OM": "8", "UR": "4", "SM": null, "PSC": "78332", "KODST": "08590", "KODFI": "08590", "KODMA": "10140", "SYOB": 555206, "SXOB": 1113867, "SYOB1": -555206, "SXOB1": -1113867, "MAPA": "24-22-07", "CISPOU": "71051", "OKPO": "3805", "KODPO": "08590", "NAZPO": "Litovel", "CISORP": "7105", "OKORP": "3805", "KODORP": "08590", "NAZORP": "Litovel", "NAZEV_ENG": "Naklo", "NAZPO_ENG": "Litovel", "NAZORP_ENG": "Litovel" }, "geometry": { "type": "MultiPolygon", "coordinates": [ [ [ [ -554978.735338865662925, -1114675.157490995945409 ], [ -555001.874999999301508, -1114893.000000001862645 ], [ -555846.375000002561137, -1116128.999999999767169 ], [ -555963.312500001513399, -1116050.00000000349246 ], [ -556177.812500001629815, -1116263.999999997206032 ], [ -556082.124962219852023, -1116472.00000092969276 ], [ -556222.374999397434294, -1116569.999937443528324 ], [ -557068.812458531232551, -1115929.00015009380877 ], [ -556810.125000002328306, -1115618.000000001396984 ], [ -556944.499999997206032, -1115524.000000003026798 ], [ -556714.812499996973202, -1115063.000000001862645 ], [ -557025.663633865769953, -1114750.361431489000097 ], [ -556973.638788386480883, -1114743.107760950690135 ], [ -556885.011836612829939, -1114731.557300822576508 ], [ -556796.285191781818867, -1114720.799410347593948 ], [ -556707.465941507485695, -1114710.834948879200965 ], [ -556618.561180819640867, -1114701.664712399477139 ], [ -556529.57801154977642, -1114693.28943343530409 ], [ -556440.523541815229692, -1114685.709781014127657 ], [ -556351.404885412659496, -1114678.926360618788749 ], [ -556262.229161286726594, -1114672.939714105566964 ], [ -556173.003492909949273, -1114667.750319711631164 ], [ -556083.735007779672742, -1114663.358591964701191 ], [ -555994.430836783722043, -1114659.764881683979183 ], [ -555905.09811367560178, -1114656.969475941266865 ], [ -555815.743974490789697, -1114654.972598040709272 ], [ -555726.375556971412152, -1114653.774407486431301 ], [ -555636.999999996623956, -1114653.374999999534339 ], [ -555547.62444302928634, -1114653.774407486431301 ], [ -555458.256025502458215, -1114654.972598040709272 ], [ -555368.901886325096712, -1114656.969475941266865 ], [ -555279.569163216976449, -1114659.764881683979183 ], [ -555190.26499222102575, -1114663.358591964701191 ], [ -555100.996507090749219, -1114667.750319711631164 ], [ -555011.770838713971898, -1114672.939714105566964 ], [ -554978.735338865662925, -1114675.157490995945409 ] ] ] ] } },
{ "type": "Feature", "properties": { "AREA": 18701521, "PERIMETER": 21388, "ICZUJ": "504505", "NAZEV": "Námì na Hané", "OB91": 1818, "OB01": 1878, "OB_311202": 1871.0, "NUTS5": "CZ0712504505", "NUTS4": "CZ0712", "NUTS3": "CZ071", "KRAJ1960": "3800", "NUTS2": "CZ07", "NK": "OL", "KODOK": "3805", "KODOB": "10154", "KO": "1", "ICOBCE": "504505", "OM": "8", "UR": "4", "SM": null, "PSC": "78344", "KODST": "10154", "KODFI": "11050", "KODMA": "10154", "SYOB": 560417, "SXOB": 1119206, "SYOB1": -560417, "SXOB1": -1119206, "MAPA": "24-22-17", "CISPOU": "71072", "OKPO": "3805", "KODPO": "11050", "NAZPO": "Olomouc", "CISORP": "7107", "OKORP": "3805", "KODORP": "11050", "NAZORP": "Olomouc", "NAZEV_ENG": "Namest na Hane", "NAZPO_ENG": "Olomouc", "NAZORP_ENG": "Olomouc" }, "geometry": { "type": "MultiPolygon", "coordinates": [ [ [ [ -558639.375149683444761, -1118091.00010810024105 ], [ -558708.37500000349246, -1118435.000000003259629 ], [ -558460.124999998370185, -1118469.999999998370185 ], [ -558589.124999999417923, -1118882.000000000232831 ], [ -559043.812500002793968, -1118724.000000000232831 ], [ -559495.187500002910383, -1118797.999999998137355 ], [ -559670.687500000232831, -1119003.999999999068677 ], [ -559664.375000002561137, -1119347.999999999534339 ], [ -559263.625000002444722, -1119764.000000001396984 ], [ -559287.37500000349246, -1119970.000000002328306 ], [ -558957.18750000197906, -1120003.999999999301508 ], [ -558809.187499998603016, -1120542.999999998370185 ], [ -558353.187500003259629, -1120651.999999999068677 ], [ -558461.37500000349246, -1120951.0 ], [ -560150.125000002793968, -1121011.999999999534339 ], [ -560860.187500001862645, -1120841.000000001396984 ], [ -560743.500000002444722, -1120368.999999998137355 ], [ -561004.625000002561137, -1120307.000000000465661 ], [ -562093.000000000232831, -1120395.000000002561137 ], [ -562691.000000002444722, -1120830.999999997438863 ], [ -563873.374999998486601, -1120606.999999999767169 ], [ -564085.375000003259629, -1120570.999999999068677 ], [ -564449.305572191951796, -1119926.696009407751262 ], [ -564421.080909076845273, -1119874.26184139912948 ], [ -564378.016476272256114, -1119795.944510376546532 ], [ -564334.253797988407314, -1119718.015198184177279 ], [ -564289.796370044583455, -1119640.480129909701645 ], [ -564244.647743775974959, -1119563.345499190269038 ], [ -564198.811525718076155, -1119486.617467643460259 ], [ -564152.291377331363037, -1119410.302164427004755 ], [ -564105.091014730278403, -1119334.405685720732436 ], [ -564057.214208333287388, -1119258.934094241820276 ], [ -564008.664782621664926, -1119183.893418772146106 ], [ -563959.446615796536207, -1119109.289653688203543 ], [ -563909.563639479340054, -1119035.128758443053812 ], [ -563859.019838389474899, -1118961.416657111607492 ], [ -563807.819250045577064, -1118888.159237940097228 ], [ -563755.96596442849841, -1118815.362352831056342 ], [ -563703.464123652549461, -1118743.031816916074604 ], [ -563650.317921650246717, -1118671.173408062197268 ], [ -563596.531603814219125, -1118599.792866422561929 ], [ -563542.109466674737632, -1118528.895893995417282 ], [ -563487.055857555707917, -1118458.48815412283875 ], [ -563431.375174223212525, -1118388.575271085835993 ], [ -563375.071864533005282, -1118319.162829626584426 ], [ -563318.150426080217585, -1118250.256374528165907 ], [ -563260.615405831253156, -1118181.861410121666268 ], [ -563202.471399772912264, -1118113.983399919234216 ], [ -563143.723052530782297, -1118046.62776609743014 ], [ -563084.375057009398006, -1117979.799889146350324 ], [ -563024.432154019130394, -1117913.505107359495014 ], [ -562963.899131893529557, -1117847.748716468689963 ], [ -562902.780826093396172, -1117782.53596919355914 ], [ -562841.082118839840405, -1117717.872074831044301 ], [ -562778.807938725221902, -1117653.762198828626424 ], [ -562715.963260301854461, -1117590.211462364764884 ], [ -562652.553103692363948, -1117527.224941990803927 ], [ -562588.582534193526953, -1117464.807669143425301 ], [ -562524.056661879643798, -1117402.964629815891385 ], [ -562458.980641175527126, -1117341.700764131965116 ], [ -562393.359670430887491, -1117281.020965925883502 ], [ -562327.198991567827761, -1117220.930082399398088 ], [ -562260.503889594925568, -1117161.432913701515645 ], [ -562193.279692217474803, -1117102.53421254712157 ], [ -562125.531769397202879, -1117044.238683866569772 ], [ -562057.265532947145402, -1116986.55098438472487 ], [ -561996.906396910082549, -1116936.462890172610059 ], [ -560792.312711521866731, -1117033.000225650845096 ], [ -558639.375149683444761, -1118091.00010810024105 ] ] ] ] } },
{ "type": "Feature", "properties": { "AREA": 14161929, "PERIMETER": 23511, "ICZUJ": "505013", "NAZEV": "Pøíkazy", "OB91": 1207, "OB01": 1207, "OB_311202": 1191.0, "NUTS5": "CZ0712505013", "NUTS4": "CZ0712", "NUTS3": "CZ071", "KRAJ1960": "3800", "NUTS2": "CZ07", "NK": "OL", "KODOK": "3805", "KODOB": "13600", "KO": "0", "ICOBCE": "505013", "OM": "8", "UR": "4", "SM": null, "PSC": "78333", "KODST": "08590", "KODFI": "11050", "KODMA": "10140", "SYOB": 554346, "SXOB": 1115186, "SYOB1": -554346, "SXOB1": -1115186, "MAPA": "24-22-08", "CISPOU": "71072", "OKPO": "3805", "KODPO": "11050", "NAZPO": "Olomouc", "CISORP": "7107", "OKORP": "3805", "KODORP": "11050", "NAZORP": "Olomouc", "NAZEV_ENG": "Prikazy", "NAZPO_ENG": "Olomouc", "NAZORP_ENG": "Olomouc" }, "geometry": { "type": "MultiPolygon", "coordinates": [ [ [ [ -552849.753229511668906, -1115049.763947409112006 ], [ -552531.562499998370185, -1115347.5 ], [ -552643.312500001396984, -1115548.00000000349246 ], [ -552646.124999998137355, -1116133.999999997904524 ], [ -552735.124999998137355, -1116533.999999999534339 ], [ -552961.00000000349246, -1116873.999999999767169 ], [ -553069.687500002793968, -1116953.874999998137355 ], [ -553235.687500002793968, -1116953.874999998137355 ], [ -554473.499999999301508, -1118122.499999996973202 ], [ -554506.999999997206032, -1118299.0 ], [ -554671.875052450457588, -1118194.000129468040541 ], [ -555221.000138928880915, -1117865.999938041670248 ], [ -555092.187360870186239, -1117444.999841849319637 ], [ -555355.374838988296688, -1117256.000001755543053 ], [ -555274.687536956276745, -1116976.999969630967826 ], [ -556082.124962219852023, -1116472.00000092969276 ], [ -556177.812500001629815, -1116263.999999997206032 ], [ -555963.312500001513399, -1116050.00000000349246 ], [ -555846.375000002561137, -1116128.999999999767169 ], [ -555001.874999999301508, -1114893.000000001862645 ], [ -554978.735338865662925, -1114675.157490995945409 ], [ -554922.595114588038996, -1114678.926360618788749 ], [ -554833.4764581854688, -1114685.709781014127657 ], [ -554744.421988450922072, -1114693.28943343530409 ], [ -554655.438819181057625, -1114701.664712399477139 ], [ -554566.534058493212797, -1114710.834948879200965 ], [ -554477.714808218879625, -1114720.799410347593948 ], [ -554388.988163387868553, -1114731.557300822576508 ], [ -554300.361211606767029, -1114743.107760950690135 ], [ -554211.841032542986795, -1114755.449868057854474 ], [ -554123.434697303688154, -1114768.582636247389019 ], [ -554035.149267926346511, -1114782.505016452632844 ], [ -553946.991796780959703, -1114797.21589652611874 ], [ -553858.969326023478061, -1114812.71410133712925 ], [ -553771.088887019315735, -1114828.998392884386703 ], [ -553683.357499789912254, -1114846.067470339825377 ], [ -553595.782172444276512, -1114863.919970199931413 ], [ -553508.369900639634579, -1114882.554466388421133 ], [ -553421.127666990621947, -1114901.969470347743481 ], [ -553334.062440538080409, -1114922.163431173656136 ], [ -553247.181176187703386, -1114943.134735755622387 ], [ -553160.490814148914069, -1114964.881708861794323 ], [ -553073.998279365710914, -1114987.402613323414698 ], [ -552987.710480993962847, -1115010.695650127250701 ], [ -552901.634311838890426, -1115034.758958592545241 ], [ -552849.753229511668906, -1115049.763947409112006 ] ] ] ] } },
{ "type": "Feature", "properties": { "AREA": 19079209, "PERIMETER": 40747, "ICZUJ": "505081", "NAZEV": "Senice na Hané", "OB91": 1791, "OB01": 1818, "OB_311202": 1827.0, "NUTS5": "CZ0712505081", "NUTS4": "CZ0712", "NUTS3": "CZ071", "KRAJ1960": "3800", "NUTS2": "CZ07", "NK": "OL", "KODOK": "3805", "KODOB": "14745", "KO": "1", "ICOBCE": "505081", "OM": "8", "UR": "4", "SM": null, "PSC": "78345", "KODST": "14745", "KODFI": "08590", "KODMA": "14745", "SYOB": 558705, "SXOB": 1116934, "SYOB1": -558705, "SXOB1": -1116934, "MAPA": "24-22-12", "CISPOU": "71051", "OKPO": "3805", "KODPO": "08590", "NAZPO": "Litovel", "CISORP": "7105", "OKORP": "3805", "KODORP": "08590", "NAZORP": "Litovel", "NAZEV_ENG": "Senice na Hane", "NAZPO_ENG": "Litovel", "NAZORP_ENG": "Litovel" }, "geometry": { "type": "MultiPolygon", "coordinates": [ [ [ [ -557068.812458531232551, -1115929.00015009380877 ], [ -556222.374999397434294, -1116569.999937443528324 ], [ -556082.124962219852023, -1116472.00000092969276 ], [ -555274.687536956276745, -1116976.999969630967826 ], [ -555355.374838988296688, -1117256.000001755543053 ], [ -555092.187360870186239, -1117444.999841849319637 ], [ -555221.000138928880915, -1117865.999938041670248 ], [ -554671.875052450457588, -1118194.000129468040541 ], [ -555126.625182889285497, -1118361.999938277294859 ], [ -555132.999882885953411, -1118872.00000251038 ], [ -555408.312468678806908, -1118831.000022992026061 ], [ -555455.37522304081358, -1118447.000034312251955 ], [ -555739.81272516970057, -1118319.000034257071093 ], [ -555964.500027272384614, -1118397.000098293414339 ], [ -556368.499899466871284, -1118182.999778190627694 ], [ -556813.68769767228514, -1118822.000066491542384 ], [ -557674.625056074932218, -1118299.000162243377417 ], [ -557881.374904164928012, -1118420.000130299944431 ], [ -558639.375149683444761, -1118091.00010810024105 ], [ -560792.312711521866731, -1117033.000225650845096 ], [ -561996.906396910082549, -1116936.462890172610059 ], [ -561988.486436075065285, -1116929.47572227823548 ], [ -561919.199972958071157, -1116873.017456815112382 ], [ -561849.411678300006315, -1116817.180697959847748 ], [ -561779.127126898150891, -1116761.969906034413725 ], [ -561708.351933186175302, -1116707.389491368783638 ], [ -561637.091750785941258, -1116653.443813910475001 ], [ -561565.352272079791874, -1116600.137182940496132 ], [ -561493.139227718231268, -1116547.473856661934406 ], [ -561432.292082641506568, -1116503.927150945179164 ], [ -561100.624993666657247, -1116399.000033360673115 ], [ -559753.374905045260675, -1116569.999937443528324 ], [ -559624.124752978095785, -1116240.99996928521432 ], [ -558979.187650681007653, -1116217.999937278684229 ], [ -558642.312390522332862, -1115872.999969119671732 ], [ -557866.687538159545511, -1116303.000033313641325 ], [ -557583.625152031192556, -1115707.999873037915677 ], [ -558230.374744329601526, -1115535.999744957312942 ], [ -558229.874888330698013, -1115168.999968789517879 ], [ -558805.000140596181154, -1115295.000032849377021 ], [ -558864.999756629578769, -1115512.000000945525244 ], [ -559398.875112878391519, -1115663.999745020177215 ], [ -559498.874984923750162, -1115437.999808914959431 ], [ -559516.769126249244437, -1115436.789540181169286 ], [ -559468.994560516206548, -1115416.718803728930652 ], [ -559386.288378576515242, -1115382.839057874400169 ], [ -559303.282697863294743, -1115349.699856311548501 ], [ -559219.984148997347802, -1115317.3038462435361 ], [ -559136.399385998956859, -1115285.653615520335734 ], [ -559052.535085740266368, -1115254.751692404970527 ], [ -558968.397947422927245, -1115224.600545387715101 ], [ -558883.994692045962438, -1115195.202582991681993 ], [ -558799.332061874680221, -1115166.560153569560498 ], [ -558714.416819886770099, -1115138.675545117817819 ], [ -558629.255749233881943, -1115111.550985103938729 ], [ -558543.855652710190043, -1115085.18864027922973 ], [ -558458.223352206056006, -1115059.590616507688537 ], [ -558372.365688161808066, -1115034.758958592545241 ], [ -558286.289519006735645, -1115010.695650127250701 ], [ -558200.001720634987578, -1114987.402613323414698 ], [ -558152.777353883488104, -1114975.106309266295284 ], [ -557068.812458531232551, -1115929.00015009380877 ] ] ] ] } },
{ "type": "Feature", "properties": { "AREA": 7892332, "PERIMETER": 16398, "ICZUJ": "505111", "NAZEV": "Slatinice", "OB91": 1330, "OB01": 1405, "OB_311202": 1444.0, "NUTS5": "CZ0712505111", "NUTS4": "CZ0712", "NUTS3": "CZ071", "KRAJ1960": "3800", "NUTS2": "CZ07", "NK": "OL", "KODOK": "3805", "KODOB": "14981", "KO": "1", "ICOBCE": "505111", "OM": "8", "UR": "4", "SM": null, "PSC": "78342", "KODST": "08912", "KODFI": "11050", "KODMA": "08912", "SYOB": 558390, "SXOB": 1123948, "SYOB1": -558390, "SXOB1": -1123948, "MAPA": "24-22-22", "CISPOU": "71072", "OKPO": "3805", "KODPO": "11050", "NAZPO": "Olomouc", "CISORP": "7107", "OKORP": "3805", "KODORP": "11050", "NAZORP": "Olomouc", "NAZEV_ENG": "Slatinice", "NAZPO_ENG": "Olomouc", "NAZORP_ENG": "Olomouc" }, "geometry": { "type": "MultiPolygon", "coordinates": [ [ [ [ -558628.812499999068677, -1122064.999999999068677 ], [ -558636.312500000116415, -1122344.999999997904524 ], [ -557337.125000001047738, -1122550.999999998835847 ], [ -557497.875000003259629, -1122697.99999999650754 ], [ -557312.625000001396984, -1123061.999999997206032 ], [ -556980.875000000931323, -1123117.999999998603016 ], [ -556957.624999999068677, -1123315.000000001164153 ], [ -556711.874999996740371, -1123391.000000002793968 ], [ -556547.625000001047738, -1123583.999999997671694 ], [ -556559.687500003026798, -1123897.000000003026798 ], [ -557057.125000002211891, -1124203.999999996740371 ], [ -557010.687500000116415, -1124604.99999999650754 ], [ -557853.812500002095476, -1124793.999999998835847 ], [ -558009.812499998137355, -1125000.999999997904524 ], [ -557947.187499997904524, -1125830.999999997904524 ], [ -558360.687499996973202, -1125871.999999996973202 ], [ -558380.999999998603016, -1124735.000000003259629 ], [ -558947.12499999627471, -1124785.999999998603016 ], [ -560434.687500002561137, -1123978.000000003026798 ], [ -560623.812500000931323, -1124505.000000001862645 ], [ -561054.687500001629815, -1124288.999999996740371 ], [ -561411.81249999627471, -1124098.99999999627471 ], [ -561533.874999997206032, -1123650.000000003026798 ], [ -561377.875000001164153, -1123340.999999997904524 ], [ -560446.375000001629815, -1123400.999999999301508 ], [ -559136.187500000465661, -1123049.999999996973202 ], [ -559023.812500002328306, -1121954.000000002095476 ], [ -558628.812499999068677, -1122064.999999999068677 ] ] ] ] } },
{ "type": "Feature", "properties": { "AREA": 12696773, "PERIMETER": 19404, "ICZUJ": "505269", "NAZEV": "Tìetice", "OB91": 1216, "OB01": 1238, "OB_311202": 1215.0, "NUTS5": "CZ0712505269", "NUTS4": "CZ0712", "NUTS3": "CZ071", "KRAJ1960": "3800", "NUTS2": "CZ07", "NK": "OL", "KODOK": "3805", "KODOB": "16670", "KO": "7", "ICOBCE": "505269", "OM": "8", "UR": "4", "SM": null, "PSC": "78346", "KODST": "08912", "KODFI": "11050", "KODMA": "16670", "SYOB": 556154, "SXOB": 1120640, "SYOB1": -556154, "SXOB1": -1120640, "MAPA": "24-22-17", "CISPOU": "71072", "OKPO": "3805", "KODPO": "11050", "NAZPO": "Olomouc", "CISORP": "7107", "OKORP": "3805", "KODORP": "11050", "NAZORP": "Olomouc", "NAZEV_ENG": "Tesetice", "NAZPO_ENG": "Olomouc", "NAZORP_ENG": "Olomouc" }, "geometry": { "type": "MultiPolygon", "coordinates": [ [ [ [ -554506.999999997206032, -1118299.0 ], [ -554013.312499998603016, -1118424.999999999068677 ], [ -554095.812500003259629, -1118822.999999996973202 ], [ -553667.999999998952262, -1118902.999999998835847 ], [ -553000.562499999650754, -1119042.250000003259629 ], [ -553007.5, -1119249.750000001396984 ], [ -552765.43749999650754, -1119367.250000001396984 ], [ -552523.375000000465661, -1119470.999999996740371 ], [ -552882.99999999802094, -1119457.249999999534339 ], [ -552972.875000000232831, -1119636.999999996740371 ], [ -552960.875, -1119902.000000000698492 ], [ -553126.312499999185093, -1119949.00000000372529 ], [ -553120.500000000582077, -1120170.999999997438863 ], [ -553297.312499997438863, -1120206.0 ], [ -553416.000000000698492, -1120493.999999999068677 ], [ -553939.499999998486601, -1120498.999999997438863 ], [ -553984.125000002095476, -1120728.000000000698492 ], [ -554302.500000001164153, -1120740.999999999068677 ], [ -554739.124999998603016, -1121339.000000001396984 ], [ -555689.687500002095476, -1121640.999999996973202 ], [ -556010.62499999825377, -1121460.000000002328306 ], [ -556493.37499999650754, -1121966.000000002328306 ], [ -557103.500000002561137, -1121759.000000003259629 ], [ -557434.499999996973202, -1121991.999999999301508 ], [ -557286.124999998137355, -1122160.000000003026798 ], [ -557337.125000001047738, -1122550.999999998835847 ], [ -558636.312500000116415, -1122344.999999997904524 ], [ -558628.812499999068677, -1122064.999999999068677 ], [ -558519.125000001629815, -1121205.000000002095476 ], [ -558156.312499996740371, -1121096.999999999534339 ], [ -558213.624999997438863, -1120688.999999997904524 ], [ -558114.812499998603016, -1120250.000000001164153 ], [ -557671.312500002677552, -1120312.999999996973202 ], [ -557556.812499997206032, -1119501.000000000931323 ], [ -557355.124999997671694, -1119193.000000001629815 ], [ -556876.374999999534339, -1119322.000000002561137 ], [ -556188.374999999068677, -1119227.999999996740371 ], [ -555997.187500002561137, -1119439.000000003259629 ], [ -555873.374999997438863, -1119254.000000001164153 ], [ -555602.312500002793968, -1119368.0 ], [ -555408.312468678806908, -1118831.000022992026061 ], [ -555132.999882885953411, -1118872.00000251038 ], [ -555126.625182889285497, -1118361.999938277294859 ], [ -554671.875052450457588, -1118194.000129468040541 ], [ -554506.999999997206032, -1118299.0 ] ] ] ] } },
{ "type": "Feature", "properties": { "AREA": 3337418, "PERIMETER": 8477, "ICZUJ": "552071", "NAZEV": "Dubèany", "OB91": 233, "OB01": 208, "OB_311202": 206.0, "NUTS5": "CZ0712552071", "NUTS4": "CZ0712", "NUTS3": "CZ071", "KRAJ1960": "3800", "NUTS2": "CZ07", "NK": "OL", "KODOK": "3805", "KODOB": "05234", "KO": "5", "ICOBCE": "552071", "OM": "8", "UR": "4", "SM": null, "PSC": "78322", "KODST": "14745", "KODFI": "08590", "KODMA": "05235", "SYOB": 558921, "SXOB": 1114094, "SYOB1": -558921, "SXOB1": -1114094, "MAPA": "24-22-07", "CISPOU": "71051", "OKPO": "3805", "KODPO": "08590", "NAZPO": "Litovel", "CISORP": "7105", "OKORP": "3805", "KODORP": "08590", "NAZORP": "Litovel", "NAZEV_ENG": "Dubcany", "NAZPO_ENG": "Litovel", "NAZORP_ENG": "Litovel" }, "geometry": { "type": "MultiPolygon", "coordinates": [ [ [ [ -557068.812458531232551, -1115929.00015009380877 ], [ -558152.777353883488104, -1114975.106309266295284 ], [ -558113.509185851784423, -1114964.881708861794323 ], [ -558026.818823812995106, -1114943.134735755622387 ], [ -557939.937559462618083, -1114922.163431173656136 ], [ -557852.872333010076545, -1114901.969470347743481 ], [ -557765.630099361063913, -1114882.554466388421133 ], [ -557678.21782755642198, -1114863.919970199931413 ], [ -557590.642500210786238, -1114846.067470339825377 ], [ -557502.911112981382757, -1114828.998392884386703 ], [ -557415.030673977220431, -1114812.71410133712925 ], [ -557327.008203219622374, -1114797.21589652611874 ], [ -557238.850732074351981, -1114782.505016452632844 ], [ -557150.565302697010338, -1114768.582636247389019 ], [ -557062.158967457711697, -1114755.449868057854474 ], [ -557025.663633865769953, -1114750.361431489000097 ], [ -556714.812499996973202, -1115063.000000001862645 ], [ -556944.499999997206032, -1115524.000000003026798 ], [ -556810.125000002328306, -1115618.000000001396984 ], [ -557068.812458531232551, -1115929.00015009380877 ] ] ] ] } },
{ "type": "Feature", "properties": { "AREA": 7634018, "PERIMETER": 17449, "ICZUJ": "552151", "NAZEV": "Skrbeò", "OB91": 983, "OB01": 1036, "OB_311202": 1043.0, "NUTS5": "CZ0712552151", "NUTS4": "CZ0712", "NUTS3": "CZ071", "KRAJ1960": "3800", "NUTS2": "CZ07", "NK": "OL", "KODOK": "3805", "KODOB": "14861", "KO": "0", "ICOBCE": "552151", "OM": "8", "UR": "4", "SM": null, "PSC": "78335", "KODST": "11050", "KODFI": "11050", "KODMA": "04206", "SYOB": 551993, "SXOB": 1115697, "SYOB1": -551993, "SXOB1": -1115697, "MAPA": "24-22-08", "CISPOU": "71072", "OKPO": "3805", "KODPO": "11050", "NAZPO": "Olomouc", "CISORP": "7107", "OKORP": "3805", "KODORP": "11050", "NAZORP": "Olomouc", "NAZEV_ENG": "Skrben", "NAZPO_ENG": "Olomouc", "NAZORP_ENG": "Olomouc" }, "geometry": { "type": "MultiPolygon", "coordinates": [ [ [ [ -551023.491562874754891, -1115781.299323569284752 ], [ -551254.499999999650754, -1115959.999999997904524 ], [ -551244.125000000116415, -1116520.624999998137355 ], [ -551922.499999999767169, -1116948.249999997206032 ], [ -552076.625000003026798, -1117214.999999998137355 ], [ -552296.125000001396984, -1117040.999999997904524 ], [ -552810.125000001862645, -1117433.999999997438863 ], [ -552597.374999998370185, -1117687.999999999301508 ], [ -552946.687499998137355, -1118031.000000001396984 ], [ -553279.062500001280569, -1118379.124999997904524 ], [ -553590.56250000174623, -1118316.749999997206032 ], [ -553667.999999998952262, -1118902.999999998835847 ], [ -554095.812500003259629, -1118822.999999996973202 ], [ -554013.312499998603016, -1118424.999999999068677 ], [ -554506.999999997206032, -1118299.0 ], [ -554473.499999999301508, -1118122.499999996973202 ], [ -553235.687500002793968, -1116953.874999998137355 ], [ -553069.687500002793968, -1116953.874999998137355 ], [ -552961.00000000349246, -1116873.999999999767169 ], [ -552735.124999998137355, -1116533.999999999534339 ], [ -552646.124999998137355, -1116133.999999997904524 ], [ -552643.312500001396984, -1115548.00000000349246 ], [ -552531.562499998370185, -1115347.5 ], [ -552849.753229511668906, -1115049.763947409112006 ], [ -552815.776647794642486, -1115059.590616507688537 ], [ -552730.144347290508449, -1115085.18864027922973 ], [ -552644.744250766816549, -1115111.550985103938729 ], [ -552559.583180113928393, -1115138.675545117817819 ], [ -552474.667938126018271, -1115166.560153569560498 ], [ -552390.005307954736054, -1115195.202582991681993 ], [ -552305.602052577771246, -1115224.600545387715101 ], [ -552221.464914260432124, -1115254.751692404970527 ], [ -552137.600614001741633, -1115285.653615520335734 ], [ -552054.015850995783694, -1115317.3038462435361 ], [ -551970.717302137403749, -1115349.699856311548501 ], [ -551887.711621424183249, -1115382.839057874400169 ], [ -551805.005439484491944, -1115416.718803728930652 ], [ -551722.605363001814112, -1115451.336387504590675 ], [ -551640.517974227899686, -1115486.689043903490528 ], [ -551558.749830414541066, -1115522.773948902264237 ], [ -551477.307463333941996, -1115559.588219983968884 ], [ -551396.197378725744784, -1115597.128916362300515 ], [ -551315.426055773044936, -1115635.393039237242192 ], [ -551234.999946615542285, -1115674.377532017882913 ], [ -551154.925475818803534, -1115714.079280555481091 ], [ -551075.20903984294273, -1115754.495113419834524 ], [ -551023.491562874754891, -1115781.299323569284752 ] ] ] ] } },
{ "type": "Feature", "properties": { "AREA": 2664081, "PERIMETER": 7248, "ICZUJ": "552216", "NAZEV": "Lubìnice", "OB91": 409, "OB01": 405, "OB_311202": 414.0, "NUTS5": "CZ0712552216", "NUTS4": "CZ0712", "NUTS3": "CZ071", "KRAJ1960": "3800", "NUTS2": "CZ07", "NK": "OL", "KODOK": "3805", "KODOB": "08795", "KO": "5", "ICOBCE": "552216", "OM": "8", "UR": "4", "SM": null, "PSC": "78346", "KODST": "08912", "KODFI": "11050", "KODMA": "08912", "SYOB": 556747, "SXOB": 1122480, "SYOB1": -556747, "SXOB1": -1122480, "MAPA": "24-22-17", "CISPOU": "71072", "OKPO": "3805", "KODPO": "11050", "NAZPO": "Olomouc", "CISORP": "7107", "OKORP": "3805", "KODORP": "11050", "NAZORP": "Olomouc", "NAZEV_ENG": "Lubenice", "NAZPO_ENG": "Olomouc", "NAZORP_ENG": "Olomouc" }, "geometry": { "type": "MultiPolygon", "coordinates": [ [ [ [ -555689.687500002095476, -1121640.999999996973202 ], [ -555348.999999997671694, -1122570.000000001164153 ], [ -555518.875000001629815, -1122749.999999997671694 ], [ -555514.375000002561137, -1123178.999999997904524 ], [ -555808.500000001396984, -1123007.000000001629815 ], [ -556300.12500000197906, -1123275.999999998370185 ], [ -556698.312499997555278, -1123263.0 ], [ -556711.874999996740371, -1123391.000000002793968 ], [ -556957.624999999068677, -1123315.000000001164153 ], [ -556980.875000000931323, -1123117.999999998603016 ], [ -557312.625000001396984, -1123061.999999997206032 ], [ -557497.875000003259629, -1122697.99999999650754 ], [ -557337.125000001047738, -1122550.999999998835847 ], [ -557286.124999998137355, -1122160.000000003026798 ], [ -557434.499999996973202, -1121991.999999999301508 ], [ -557103.500000002561137, -1121759.000000003259629 ], [ -556493.37499999650754, -1121966.000000002328306 ], [ -556010.62499999825377, -1121460.000000002328306 ], [ -555689.687500002095476, -1121640.999999996973202 ] ] ] ] } },
{ "type": "Feature", "properties": { "AREA": 5181193, "PERIMETER": 13770, "ICZUJ": "552232", "NAZEV": "Louèany", "OB91": 591, "OB01": 607, "OB_311202": 617.0, "NUTS5": "CZ0712552232", "NUTS4": "CZ0712", "NUTS3": "CZ071", "KRAJ1960": "3800", "NUTS2": "CZ07", "NK": "OL", "KODOK": "3805", "KODOB": "08692", "KO": "4", "ICOBCE": "552232", "OM": "8", "UR": "4", "SM": null, "PSC": "78344", "KODST": "10154", "KODFI": "11050", "KODMA": "10154", "SYOB": 559178, "SXOB": 1119358, "SYOB1": -559178, "SXOB1": -1119358, "MAPA": "24-22-17", "CISPOU": "71072", "OKPO": "3805", "KODPO": "11050", "NAZPO": "Olomouc", "CISORP": "7107", "OKORP": "3805", "KODORP": "11050", "NAZORP": "Olomouc", "NAZEV_ENG": "Loucany", "NAZPO_ENG": "Olomouc", "NAZORP_ENG": "Olomouc" }, "geometry": { "type": "MultiPolygon", "coordinates": [ [ [ [ -555408.312468678806908, -1118831.000022992026061 ], [ -555602.312500002793968, -1119368.0 ], [ -555873.374999997438863, -1119254.000000001164153 ], [ -555997.187500002561137, -1119439.000000003259629 ], [ -556188.374999999068677, -1119227.999999996740371 ], [ -556876.374999999534339, -1119322.000000002561137 ], [ -557355.124999997671694, -1119193.000000001629815 ], [ -557556.812499997206032, -1119501.000000000931323 ], [ -557671.312500002677552, -1120312.999999996973202 ], [ -558114.812499998603016, -1120250.000000001164153 ], [ -558213.624999997438863, -1120688.999999997904524 ], [ -558353.187500003259629, -1120651.999999999068677 ], [ -558809.187499998603016, -1120542.999999998370185 ], [ -558957.18750000197906, -1120003.999999999301508 ], [ -559287.37500000349246, -1119970.000000002328306 ], [ -559263.625000002444722, -1119764.000000001396984 ], [ -559664.375000002561137, -1119347.999999999534339 ], [ -559670.687500000232831, -1119003.999999999068677 ], [ -559495.187500002910383, -1118797.999999998137355 ], [ -559043.812500002793968, -1118724.000000000232831 ], [ -558589.124999999417923, -1118882.000000000232831 ], [ -558460.124999998370185, -1118469.999999998370185 ], [ -558708.37500000349246, -1118435.000000003259629 ], [ -558639.375149683444761, -1118091.00010810024105 ], [ -557881.374904164928012, -1118420.000130299944431 ], [ -557674.625056074932218, -1118299.000162243377417 ], [ -556813.68769767228514, -1118822.000066491542384 ], [ -556368.499899466871284, -1118182.999778190627694 ], [ -555964.500027272384614, -1118397.000098293414339 ], [ -555739.81272516970057, -1118319.000034257071093 ], [ -555455.37522304081358, -1118447.000034312251955 ], [ -555408.312468678806908, -1118831.000022992026061 ] ] ] ] } },
{ "type": "Feature", "properties": { "AREA": 5350498, "PERIMETER": 13866, "ICZUJ": "552267", "NAZEV": "Senièka", "OB91": 316, "OB01": 338, "OB_311202": 341.0, "NUTS5": "CZ0712552267", "NUTS4": "CZ0712", "NUTS3": "CZ071", "KRAJ1960": "3800", "NUTS2": "CZ07", "NK": "OL", "KODOK": "3805", "KODOB": "14747", "KO": "8", "ICOBCE": "552267", "OM": "8", "UR": "4", "SM": null, "PSC": "78345", "KODST": "14745", "KODFI": "08590", "KODMA": "14745", "SYOB": 560732, "SXOB": 1115810, "SYOB1": -560732, "SXOB1": -1115810, "MAPA": "24-22-11", "CISPOU": "71051", "OKPO": "3805", "KODPO": "08590", "NAZPO": "Litovel", "CISORP": "7105", "OKORP": "3805", "KODORP": "08590", "NAZORP": "Litovel", "NAZEV_ENG": "Senicka", "NAZPO_ENG": "Litovel", "NAZORP_ENG": "Litovel" }, "geometry": { "type": "MultiPolygon", "coordinates": [ [ [ [ -561432.292082641506568, -1116503.927150945179164 ], [ -561420.458386191981845, -1116495.458041900536045 ], [ -561347.315553346415982, -1116444.093893760815263 ], [ -561273.716571947443299, -1116393.385515288449824 ], [ -561199.667321187211201, -1116343.336957142455503 ], [ -561125.173716235905886, -1116293.95221727155149 ], [ -561050.241707747103646, -1116245.235240609152243 ], [ -560974.877281416440383, -1116197.189918735995889 ], [ -560899.08645745110698, -1116149.820089587476104 ], [ -560822.875290142023005, -1116103.129537140484899 ], [ -560746.249867348698899, -1116057.121991099324077 ], [ -560669.216310027171858, -1116011.801126617006958 ], [ -560591.780771736288443, -1115967.170563998399302 ], [ -560513.949438136303797, -1115923.233868391485885 ], [ -560435.728526517516002, -1115879.994549526600167 ], [ -560357.124285276629962, -1115837.456061423756182 ], [ -560278.142993445042521, -1115795.62180212396197 ], [ -560198.790960157755762, -1115754.495113419834524 ], [ -560119.074524181894958, -1115714.079280555481091 ], [ -560039.000053377589211, -1115674.377532017882913 ], [ -559958.573944227653556, -1115635.393039237242192 ], [ -559877.802621274953708, -1115597.128916362300515 ], [ -559796.692536666756496, -1115559.588219983968884 ], [ -559715.250169586157426, -1115522.773948902264237 ], [ -559633.482025772682391, -1115486.689043903490528 ], [ -559551.39463699888438, -1115451.336387504590675 ], [ -559516.769126249244437, -1115436.789540181169286 ], [ -559498.874984923750162, -1115437.999808914959431 ], [ -559398.875112878391519, -1115663.999745020177215 ], [ -558864.999756629578769, -1115512.000000945525244 ], [ -558805.000140596181154, -1115295.000032849377021 ], [ -558229.874888330698013, -1115168.999968789517879 ], [ -558230.374744329601526, -1115535.999744957312942 ], [ -557583.625152031192556, -1115707.999873037915677 ], [ -557866.687538159545511, -1116303.000033313641325 ], [ -558642.312390522332862, -1115872.999969119671732 ], [ -558979.187650681007653, -1116217.999937278684229 ], [ -559624.124752978095785, -1116240.99996928521432 ], [ -559753.374905045260675, -1116569.999937443528324 ], [ -561100.624993666657247, -1116399.000033360673115 ], [ -561432.292082641506568, -1116503.927150945179164 ] ] ] ] } },
{ "type": "Feature", "properties": { "AREA": 4324552, "PERIMETER": 13481, "ICZUJ": "552364", "NAZEV": "Ústín", "OB91": 314, "OB01": 349, "OB_311202": 359.0, "NUTS5": "CZ0712552364", "NUTS4": "CZ0712", "NUTS3": "CZ071", "KRAJ1960": "3800", "NUTS2": "CZ07", "NK": "OL", "KODOK": "3805", "KODOB": "17542", "KO": "1", "ICOBCE": "552364", "OM": "8", "UR": "4", "SM": null, "PSC": "78346", "KODST": "08912", "KODFI": "11050", "KODMA": "16670", "SYOB": 553956, "SXOB": 1121548, "SYOB1": -553956, "SXOB1": -1121548, "MAPA": "24-22-18", "CISPOU": "71072", "OKPO": "3805", "KODPO": "11050", "NAZPO": "Olomouc", "CISORP": "7107", "OKORP": "3805", "KODORP": "11050", "NAZORP": "Olomouc", "NAZEV_ENG": "Ustin", "NAZPO_ENG": "Olomouc", "NAZORP_ENG": "Olomouc" }, "geometry": { "type": "MultiPolygon", "coordinates": [ [ [ [ -552523.375000000465661, -1119470.999999996740371 ], [ -552166.812499999068677, -1119537.000000001862645 ], [ -551838.749999997438863, -1119699.250000001396984 ], [ -551856.687499999767169, -1119785.999999998137355 ], [ -552308.99999999627471, -1119761.499999998603016 ], [ -552643.625000002677552, -1119858.999999997904524 ], [ -552793.125000003259629, -1120093.375000002561137 ], [ -552779.124999999185093, -1120234.999999998835847 ], [ -553075.812500002793968, -1120308.999999996740371 ], [ -553247.499999997904524, -1121267.999999997904524 ], [ -552954.87500000372529, -1122169.999999999534339 ], [ -553623.875000001862645, -1122146.999999997206032 ], [ -553602.187499998952262, -1122290.000000002328306 ], [ -554617.124999999534339, -1122534.999999998370185 ], [ -555029.499999996973202, -1122794.999999996740371 ], [ -555081.625000001629815, -1122994.000000003259629 ], [ -555514.375000002561137, -1123178.999999997904524 ], [ -555518.875000001629815, -1122749.999999997671694 ], [ -555348.999999997671694, -1122570.000000001164153 ], [ -555689.687500002095476, -1121640.999999996973202 ], [ -554739.124999998603016, -1121339.000000001396984 ], [ -554302.500000001164153, -1120740.999999999068677 ], [ -553984.125000002095476, -1120728.000000000698492 ], [ -553939.499999998486601, -1120498.999999997438863 ], [ -553416.000000000698492, -1120493.999999999068677 ], [ -553297.312499997438863, -1120206.0 ], [ -553120.500000000582077, -1120170.999999997438863 ], [ -553126.312499999185093, -1119949.00000000372529 ], [ -552960.875, -1119902.000000000698492 ], [ -552972.875000000232831, -1119636.999999996740371 ], [ -552882.99999999802094, -1119457.249999999534339 ], [ -552523.375000000465661, -1119470.999999996740371 ] ] ] ] } },
{ "type": "Feature", "properties": { "AREA": 8057667, "PERIMETER": 16268, "ICZUJ": "554901", "NAZEV": "Køelov-Bøuchotín", "OB91": 1207, "OB01": 1306, "OB_311202": 1364.0, "NUTS5": "CZ0712554901", "NUTS4": "CZ0712", "NUTS3": "CZ071", "KRAJ1960": "3800", "NUTS2": "CZ07", "NK": "OL", "KODOK": "3805", "KODOB": "07563", "KO": "9", "ICOBCE": "554901", "OM": "8", "UR": "4", "SM": null, "PSC": "78336", "KODST": "11050", "KODFI": "11050", "KODMA": "11050", "SYOB": 550631, "SXOB": 1118788, "SYOB1": -550631, "SXOB1": -1118788, "MAPA": "24-22-14", "CISPOU": "71072", "OKPO": "3805", "KODPO": "11050", "NAZPO": "Olomouc", "CISORP": "7107", "OKORP": "3805", "KODORP": "11050", "NAZORP": "Olomouc", "NAZEV_ENG": "Krelov-Bruchotin", "NAZPO_ENG": "Olomouc", "NAZORP_ENG": "Olomouc" }, "geometry": { "type": "MultiPolygon", "coordinates": [ [ [ [ -548653.81249999650754, -1118165.999999999068677 ], [ -548553.687499998137355, -1118512.000000003026798 ], [ -548655.375000002910383, -1118611.999999997904524 ], [ -548823.500000002793968, -1118445.999999997671694 ], [ -548969.124999999301508, -1118715.000000002095476 ], [ -549461.125000002910383, -1119028.999999997904524 ], [ -549180.31250000372529, -1119376.0 ], [ -549454.125000000931323, -1119550.000000000232831 ], [ -550116.687499997904524, -1119364.999999997904524 ], [ -550573.312500003259629, -1119466.99999999650754 ], [ -550945.500000002095476, -1119679.999999999534339 ], [ -550800.624999996623956, -1120081.999999997206032 ], [ -551402.187500001629815, -1119844.000000003259629 ], [ -551538.375000002561137, -1120115.00000000372529 ], [ -551667.499999999534339, -1120053.999999996740371 ], [ -551609.500000002095476, -1119866.999999998137355 ], [ -551856.687499999767169, -1119785.999999998137355 ], [ -551838.749999997438863, -1119699.250000001396984 ], [ -552166.812499999068677, -1119537.000000001862645 ], [ -552523.375000000465661, -1119470.999999996740371 ], [ -552765.43749999650754, -1119367.250000001396984 ], [ -553007.5, -1119249.750000001396984 ], [ -553000.562499999650754, -1119042.250000003259629 ], [ -553667.999999998952262, -1118902.999999998835847 ], [ -553590.56250000174623, -1118316.749999997206032 ], [ -553279.062500001280569, -1118379.124999997904524 ], [ -552946.687499998137355, -1118031.000000001396984 ], [ -552597.374999998370185, -1117687.999999999301508 ], [ -552810.125000001862645, -1117433.999999997438863 ], [ -552296.125000001396984, -1117040.999999997904524 ], [ -552076.625000003026798, -1117214.999999998137355 ], [ -551922.499999999767169, -1116948.249999997206032 ], [ -551983.12500000372529, -1117394.25000000349246 ], [ -551500.812500002793968, -1117868.00000000349246 ], [ -550921.31250000372529, -1117886.0 ], [ -550697.625, -1117610.000000001396984 ], [ -550180.124999998603016, -1117813.000000000465661 ], [ -550124.812500001629815, -1117975.999999998370185 ], [ -549918.124999996391125, -1117821.000000000465661 ], [ -549712.375000002561137, -1117976.99999999650754 ], [ -549500.624999997206032, -1117753.999999997206032 ], [ -549191.812499997438863, -1117720.999999998370185 ], [ -548653.81249999650754, -1118165.999999999068677 ] ] ] ] } },
{ "type": "Feature", "properties": { "AREA": 8764083, "PERIMETER": 13319, "ICZUJ": "568872", "NAZEV": "Charváty", "OB91": 685, "OB01": 736, "OB_311202": 754.0, "NUTS5": "CZ0712568872", "NUTS4": "CZ0712", "NUTS3": "CZ071", "KRAJ1960": "3800", "NUTS2": "CZ07", "NK": "OL", "KODOK": "3805", "KODOB": "05071", "KO": "7", "ICOBCE": "568872", "OM": "8", "UR": "4", "SM": null, "PSC": "78375", "KODST": "03327", "KODFI": "11050", "KODMA": "03327", "SYOB": 547778, "SXOB": 1129842, "SYOB1": -547778, "SXOB1": -1129842, "MAPA": "24-24-04", "CISPOU": "71072", "OKPO": "3805", "KODPO": "11050", "NAZPO": "Olomouc", "CISORP": "7107", "OKORP": "3805", "KODORP": "11050", "NAZORP": "Olomouc", "NAZEV_ENG": "Charvaty", "NAZPO_ENG": "Olomouc", "NAZORP_ENG": "Olomouc" }, "geometry": { "type": "MultiPolygon", "coordinates": [ [ [ [ -546853.073691103840247, -1129432.563381094951183 ], [ -546874.363810322014615, -1129471.694936175365001 ], [ -546917.777799366973341, -1129549.819037874694914 ], [ -546961.888292936841026, -1129627.55200429004617 ], [ -547006.691767420852557, -1129704.887625995557755 ], [ -547052.184643842279911, -1129781.819725315319374 ], [ -547098.363288165768608, -1129858.342156793922186 ], [ -547145.224011574056931, -1129934.448807699605823 ], [ -547192.763070759363472, -1130010.13359852344729 ], [ -547240.976668238407001, -1130085.390483452472836 ], [ -547289.8609526285436, -1130160.213450855342671 ], [ -547339.412018977571279, -1130234.596523753600195 ], [ -547389.625909085152671, -1130308.533760323189199 ], [ -547440.498611772200093, -1130382.019254343817011 ], [ -547492.026063270168379, -1130455.047135684872046 ], [ -547544.204147475771606, -1130527.611570769688115 ], [ -547597.028696331661195, -1130599.706763046327978 ], [ -547650.49549012654461, -1130671.326953429728746 ], [ -547704.600257869111374, -1130742.466420810902491 ], [ -547759.338677572552115, -1130813.119482452282682 ], [ -547814.706376650719903, -1130883.280494482256472 ], [ -547870.698932262603194, -1130952.943852329393849 ], [ -547927.311871626647189, -1131022.103991193929687 ], [ -547984.540672424715012, -1131090.755386443575844 ], [ -548042.380763124208897, -1131158.892554115736857 ], [ -548100.827523381216452, -1131226.510051306104288 ], [ -548159.876284378580749, -1131293.602476625470445 ], [ -548219.522329213796183, -1131360.164470633026212 ], [ -548279.760893266415223, -1131426.190716256620362 ], [ -548340.587164594326168, -1131491.675939225591719 ], [ -548363.41179999243468, -1131515.812554497038946 ], [ -549760.062500002328306, -1131883.749999998603016 ], [ -549883.687500002095476, -1131744.000000002328306 ], [ -550239.312499999534339, -1131870.999999999534339 ], [ -550502.875000000698492, -1131474.999999998137355 ], [ -550398.624999998835847, -1130809.000000001862645 ], [ -550816.500000000931323, -1130056.000000001629815 ], [ -549976.625000000465661, -1129567.0 ], [ -549542.187499997089617, -1129590.000000002328306 ], [ -548812.87500000372529, -1129218.999999999534339 ], [ -547798.125000000931323, -1129174.000000000465661 ], [ -547586.812500000465661, -1129389.999999997904524 ], [ -547265.874999996740371, -1129255.000000000465661 ], [ -547254.875000002211891, -1129483.99999999627471 ], [ -546853.073691103840247, -1129432.563381094951183 ] ] ] ] } },
{ "type": "Feature", "properties": { "AREA": 46899627, "PERIMETER": 40818, "ICZUJ": "589250", "NAZEV": "Prostìjov", "OB91": 50074, "OB01": 48455, "OB_311202": 47678.0, "NUTS5": "CZ0713589250", "NUTS4": "CZ0713", "NUTS3": "CZ071", "KRAJ1960": "3700", "NUTS2": "CZ07", "NK": "OL", "KODOK": "3709", "KODOB": "13349", "KO": "3", "ICOBCE": "589250", "OM": "4", "UR": "3", "SM": null, "PSC": "79601", "KODST": "13349", "KODFI": "13349", "KODMA": "13349", "SYOB": 558538, "SXOB": 1133957, "SYOB1": -558538, "SXOB1": -1133957, "MAPA": "24-24-07", "CISPOU": "71082", "OKPO": "3709", "KODPO": "13349", "NAZPO": "Prostìjov", "CISORP": "7108", "OKORP": "3709", "KODORP": "13349", "NAZORP": "Prostìjov", "NAZEV_ENG": "Prostejov", "NAZPO_ENG": "Prostejov", "NAZORP_ENG": "Prostejov" }, "geometry": { "type": "MultiPolygon", "coordinates": [ [ [ [ -554549.12499999802094, -1130227.0 ], [ -554354.374999998835847, -1130271.000000000931323 ], [ -554325.624999999534339, -1130696.999999999301508 ], [ -553986.874999996973202, -1131150.999999998370185 ], [ -553795.00000000372529, -1130915.999999998603016 ], [ -553325.374999999767169, -1132027.000000003259629 ], [ -553212.624999998719431, -1132008.999999999068677 ], [ -553007.62500000349246, -1132733.999999998603016 ], [ -553385.812499998603016, -1132939.999999999534339 ], [ -553900.125000000232831, -1134004.000000000931323 ], [ -554406.457757192896679, -1134577.289465798530728 ], [ -554433.339466966572218, -1134580.670770815573633 ], [ -554522.113300949917175, -1134591.032050245208666 ], [ -554524.778037615236826, -1134591.31894975528121 ], [ -554631.375000003143214, -1134434.999999997671694 ], [ -555527.499999996973202, -1134304.625000002793968 ], [ -555751.374999998486601, -1133951.000000001629815 ], [ -555967.187499998137355, -1133887.000000000232831 ], [ -556202.0, -1134369.0 ], [ -556182.043374382890761, -1134638.414445822359994 ], [ -556217.62212474620901, -1134636.504667005967349 ], [ -556306.823711697245017, -1134630.916590752778575 ], [ -556395.971792129799724, -1134624.531493540853262 ], [ -556485.059244756936096, -1134617.349885424366221 ], [ -556574.078953140415251, -1134609.372340076602995 ], [ -556663.023806252283975, -1134600.59949475270696 ], [ -556751.886699050781317, -1134591.032050245208666 ], [ -556840.660533026559278, -1134580.670770815573633 ], [ -556929.338216801872477, -1134569.516484135296196 ], [ -557017.912666668184102, -1134557.570081225829199 ], [ -557106.376807156251743, -1134544.83251639152877 ], [ -557194.723571626353078, -1134531.304807120934129 ], [ -557282.945902807172388, -1134516.988034029025584 ], [ -557371.036753364955075, -1134501.883340758504346 ], [ -557458.989086471498013, -1134485.991933898068964 ], [ -557546.795876358635724, -1134469.315082876710221 ], [ -557634.450108893681318, -1134451.854119868483394 ], [ -557721.944782126229256, -1134433.610439677722752 ], [ -557809.272906849393621, -1134414.585499636363238 ], [ -557896.42750715278089, -1134394.780819483101368 ], [ -557983.401621014811099, -1134374.197981258621439 ], [ -558070.188300795620307, -1134352.838629134465009 ], [ -558156.780613850918598, -1134330.704469336895272 ], [ -558243.171643063542433, -1134307.797269968083128 ], [ -558329.354487381875515, -1134284.118860901333392 ], [ -558415.322262389003299, -1134259.671133594121784 ], [ -558501.068100855569355, -1134234.456040967488661 ], [ -558586.58515327970963, -1134208.475597249809653 ], [ -558671.866588424774818, -1134181.731877789832652 ], [ -558756.905593873816542, -1134154.227018913719803 ], [ -558841.695376605261117, -1134125.963217753218487 ], [ -558926.229163464624435, -1134096.942732066847384 ], [ -559010.500201777904294, -1134067.167880058754236 ], [ -559094.50175984564703, -1134036.641040170565248 ], [ -559178.227127496618778, -1134005.364650954026729 ], [ -559261.669616618892178, -1133973.341210793470964 ], [ -559344.822561706532724, -1133940.573277786374092 ], [ -559427.679320375202224, -1133907.063469474203885 ], [ -559510.233273909427226, -1133872.814462669892237 ], [ -559592.477827770169824, -1133837.82899324176833 ], [ -559674.406412142328918, -1133802.109855879796669 ], [ -559756.012482442660257, -1133765.659903880907223 ], [ -559837.289519859245047, -1133728.482048922451213 ], [ -559918.231031859526411, -1133690.579260824015364 ], [ -559998.830552714876831, -1133651.954567322041839 ], [ -560079.081644016318023, -1133612.611053809290752 ], [ -560158.977895191404969, -1133572.551863108295947 ], [ -560238.512923997477628, -1133531.780195211758837 ], [ -560317.680377061013132, -1133490.299307011067867 ], [ -560396.473930371226743, -1133448.112512066029012 ], [ -560474.887289773672819, -1133405.223180319415405 ], [ -560552.914191502146423, -1133361.634737842949107 ], [ -560630.548402641783468, -1133317.350666545564309 ], [ -560707.78372166142799, -1133272.374503888888285 ], [ -560784.61397889140062, -1133226.709842655574903 ], [ -560861.033037003362551, -1133180.360330604016781 ], [ -560937.034791533369571, -1133133.329670193372294 ], [ -561012.613171353936195, -1133085.621618305100128 ], [ -561087.762139144702815, -1133037.239985936321318 ], [ -561162.475691894651391, -1132988.188637886662036 ], [ -561236.747861372772604, -1132938.471492435317487 ], [ -561310.57271461491473, -1132888.092521079815924 ], [ -561383.944354372681119, -1132837.055748161161318 ], [ -561430.780053918948397, -1132803.852134943008423 ], [ -561194.625000003026798, -1132122.999999997904524 ], [ -560982.62499999825377, -1132332.000000000698492 ], [ -560302.624999997904524, -1132340.999999999068677 ], [ -560257.81249999650754, -1132660.999999998835847 ], [ -560137.875000003026798, -1132672.999999999068677 ], [ -559902.812500001629815, -1132040.999999999767169 ], [ -559629.50000000349246, -1132239.000000000465661 ], [ -559120.687499999068677, -1131944.999999997671694 ], [ -558485.875000003143214, -1131952.999999997671694 ], [ -558206.875000002444722, -1132405.000000000465661 ], [ -556663.124999997089617, -1130138.999999997904524 ], [ -556192.312499997322448, -1130357.999999997206032 ], [ -555878.812500000465661, -1129927.999999998835847 ], [ -554549.12499999802094, -1130227.0 ] ] ] ] } },
{ "type": "Feature", "properties": { "AREA": 6740319, "PERIMETER": 16513, "ICZUJ": "589276", "NAZEV": "Bílovice-Lutotín", "OB91": 446, "OB01": 491, "OB_311202": 491.0, "NUTS5": "CZ0713589276", "NUTS4": "CZ0713", "NUTS3": "CZ071", "KRAJ1960": "3700", "NUTS2": "CZ07", "NK": "OL", "KODOK": "3709", "KODOB": "00453", "KO": "7", "ICOBCE": "589276", "OM": "8", "UR": "4", "SM": null, "PSC": "79841", "KODST": "07015", "KODFI": "13349", "KODMA": "07015", "SYOB": 563271, "SXOB": 1129103, "SYOB1": -563271, "SXOB1": -1129103, "MAPA": "24-24-01", "CISPOU": "71082", "OKPO": "3709", "KODPO": "13349", "NAZPO": "Prostìjov", "CISORP": "7108", "OKORP": "3709", "KODORP": "13349", "NAZORP": "Prostìjov", "NAZEV_ENG": "Bilovice-Lutotin", "NAZPO_ENG": "Prostejov", "NAZORP_ENG": "Prostejov" }, "geometry": { "type": "MultiPolygon", "coordinates": [ [ [ [ -562819.812499998137355, -1130951.999999999534339 ], [ -563038.624999999767169, -1130903.000000000232831 ], [ -562940.37500000174623, -1130210.999999999534339 ], [ -563042.812499997671694, -1129878.000000001396984 ], [ -564513.874999996973202, -1129214.999999999534339 ], [ -564539.180107920314185, -1129208.52760186069645 ], [ -564566.258581493282691, -1129155.41244817757979 ], [ -564606.139150668284856, -1129075.42688751895912 ], [ -564645.30325157486368, -1128995.088086741510779 ], [ -564683.747755734599195, -1128914.402463421225548 ], [ -564721.469592144945636, -1128833.376462851651013 ], [ -564758.465747518464923, -1128752.01655750349164 ], [ -564794.733266552328132, -1128670.329246531007811 ], [ -564830.269252138212323, -1128588.32105524209328 ], [ -564865.070865623652935, -1128505.998534564860165 ], [ -564899.135326984571293, -1128423.368260555434972 ], [ -564932.459915109095164, -1128340.436833843588829 ], [ -564965.041967985220253, -1128257.21087910910137 ], [ -564996.878882895223796, -1128173.697044572560117 ], [ -565027.968116677133366, -1128089.902001434471458 ], [ -565058.307185859885067, -1128005.832443381426856 ], [ -565087.893666917923838, -1127921.495086002163589 ], [ -565116.725196449784562, -1127836.896666301880032 ], [ -565144.799471336649731, -1127752.043942125048488 ], [ -565172.114248965401202, -1127666.943691639462486 ], [ -565198.66734739462845, -1127581.602712768130004 ], [ -565224.456645517959259, -1127496.027822679374367 ], [ -565234.304865623940714, -1127462.259615045739338 ], [ -565116.124999998952262, -1127339.000000002095476 ], [ -564287.374999996623956, -1127753.999999998370185 ], [ -564262.874999996973202, -1127587.000000000232831 ], [ -564842.12499999650754, -1127229.000000003259629 ], [ -564793.312500002561137, -1127089.999999998370185 ], [ -563271.812500000931323, -1127885.000000003259629 ], [ -563322.624999998603016, -1128105.000000000698492 ], [ -563044.625000003608875, -1128256.999999996740371 ], [ -563180.125000000116415, -1128618.000000002793968 ], [ -563019.31250000372529, -1128699.000000002793968 ], [ -563091.18750000174623, -1128930.000000002561137 ], [ -562870.187499998603016, -1129001.999999996740371 ], [ -562648.499999998603016, -1129827.99999999650754 ], [ -562819.812499998137355, -1130951.999999999534339 ] ] ] ] } },
{ "type": "Feature", "properties": { "AREA": 9471258, "PERIMETER": 19607, "ICZUJ": "589381", "NAZEV": "Èechy pod Kosíøem", "OB91": 919, "OB01": 927, "OB_311202": 964.0, "NUTS5": "CZ0713589381", "NUTS4": "CZ0713", "NUTS3": "CZ071", "KRAJ1960": "3700", "NUTS2": "CZ07", "NK": "OL", "KODOK": "3709", "KODOB": "01892", "KO": "9", "ICOBCE": "589381", "OM": "8", "UR": "4", "SM": null, "PSC": "79858", "KODST": "07015", "KODFI": "13349", "KODMA": "01892", "SYOB": 562990, "SXOB": 1124663, "SYOB1": -562990, "SXOB1": -1124663, "MAPA": "24-22-21", "CISPOU": "71082", "OKPO": "3709", "KODPO": "13349", "NAZPO": "Prostìjov", "CISORP": "7108", "OKORP": "3709", "KODORP": "13349", "NAZORP": "Prostìjov", "NAZEV_ENG": "Cechy pod Kosirem", "NAZPO_ENG": "Prostejov", "NAZORP_ENG": "Prostejov" }, "geometry": { "type": "MultiPolygon", "coordinates": [ [ [ [ -563107.50000000349246, -1123262.000000001862645 ], [ -562804.6875, -1123206.999999998603016 ], [ -562663.624999996973202, -1123489.000000001164153 ], [ -563000.0, -1123666.000000003259629 ], [ -562817.624999996623956, -1123931.0 ], [ -562383.687499999767169, -1123785.000000000465661 ], [ -562083.500000002793968, -1124149.999999999301508 ], [ -561971.812500001513399, -1124065.999999997438863 ], [ -561808.624999998137355, -1124215.999999997206032 ], [ -561670.874999998370185, -1124081.999999997904524 ], [ -561292.125000002444722, -1124311.999999999301508 ], [ -561349.312499999534339, -1124675.000000001862645 ], [ -561603.625000002910383, -1125059.000000003026798 ], [ -561109.37500000349246, -1125444.000000002328306 ], [ -560975.374999996740371, -1126093.999999998370185 ], [ -561394.49999999650754, -1126660.999999998137355 ], [ -562703.000000002677552, -1124998.00000000349246 ], [ -562876.812499997671694, -1125145.000000001164153 ], [ -562828.312499997438863, -1125357.999999996740371 ], [ -563583.312500001396984, -1125182.999999998370185 ], [ -563927.999999998603016, -1125546.000000000931323 ], [ -564459.49999999650754, -1125514.999999998370185 ], [ -564306.874999997904524, -1125158.999999997671694 ], [ -564728.124999997671694, -1125012.999999998137355 ], [ -565308.812500000116415, -1125262.000000001862645 ], [ -565407.874999998486601, -1125493.000000001629815 ], [ -565580.875000000465661, -1125616.999999996973202 ], [ -565592.067385461647063, -1125599.322465328732505 ], [ -565595.066311763133854, -1125568.205766050377861 ], [ -565602.84493006952107, -1125479.168454720405862 ], [ -565609.827461756765842, -1125390.065177777549252 ], [ -565616.013349060202017, -1125300.903052924433723 ], [ -565617.788755749468692, -1125271.51016904739663 ], [ -565560.812499998370185, -1125234.000000001396984 ], [ -565622.353040935937315, -1125193.201643703039736 ], [ -565625.993277619825676, -1125122.43075321870856 ], [ -565629.786521674832329, -1125033.134835000382736 ], [ -565632.78152697335463, -1124943.808580995537341 ], [ -565634.978054288309067, -1124854.45912672393024 ], [ -565636.375928139081225, -1124765.093609553296119 ], [ -565636.97503687418066, -1124675.71916813054122 ], [ -565636.775332632940263, -1124586.342941829003394 ], [ -565635.776831369148567, -1124496.972070141462609 ], [ -565633.979612842435017, -1124407.61369215650484 ], [ -565631.383820618852042, -1124318.274945945711806 ], [ -565627.989662048406899, -1124228.962968038395047 ], [ -565623.797408265294507, -1124139.684892793884501 ], [ -565618.807394156930968, -1124050.447851886041462 ], [ -565613.020018328214064, -1123961.258973702555522 ], [ -565606.435743092093617, -1123872.125382785918191 ], [ -565599.055094396695495, -1123783.054199255770072 ], [ -565590.878661831258796, -1123694.052538255462423 ], [ -565581.907098529627547, -1123605.127509361598641 ], [ -565572.141121162567288, -1123516.286216059466824 ], [ -565561.581509848008864, -1123427.535755099728703 ], [ -565550.229108106228523, -1123338.88321601995267 ], [ -565538.084822784876451, -1123250.335680515039712 ], [ -565525.149623984354548, -1123161.900221884483472 ], [ -565511.424544982495718, -1123073.583904493134469 ], [ -565496.910682167857885, -1122985.393783188192174 ], [ -565493.809497086331248, -1122967.547107274644077 ], [ -564674.687500001047738, -1123360.999999998370185 ], [ -564444.812500003026798, -1123903.999999997438863 ], [ -564314.750000002095476, -1123860.874999998603016 ], [ -564350.812499997206032, -1123711.624999997671694 ], [ -564241.312499997555278, -1123632.999999996973202 ], [ -563317.625000000465661, -1123549.000000002561137 ], [ -563107.50000000349246, -1123262.000000001862645 ] ] ] ] } },
{ "type": "Feature", "properties": { "AREA": 7269920, "PERIMETER": 13719, "ICZUJ": "589403", "NAZEV": "Èelechovice na Hané", "OB91": 1141, "OB01": 1193, "OB_311202": 1223.0, "NUTS5": "CZ0713589403", "NUTS4": "CZ0713", "NUTS3": "CZ071", "KRAJ1960": "3700", "NUTS2": "CZ07", "NK": "OL", "KODOK": "3709", "KODOB": "01934", "KO": "8", "ICOBCE": "589403", "OM": "8", "UR": "4", "SM": null, "PSC": "79816", "KODST": "13349", "KODFI": "13349", "KODMA": "15124", "SYOB": 559340, "SXOB": 1128914, "SYOB1": -559340, "SXOB1": -1128914, "MAPA": "24-24-02", "CISPOU": "71082", "OKPO": "3709", "KODPO": "13349", "NAZPO": "Prostìjov", "CISORP": "7108", "OKORP": "3709", "KODORP": "13349", "NAZORP": "Prostìjov", "NAZEV_ENG": "Celechovice na Hane", "NAZPO_ENG": "Prostejov", "NAZORP_ENG": "Prostejov" }, "geometry": { "type": "MultiPolygon", "coordinates": [ [ [ [ -557358.81249999650754, -1127336.999999998370185 ], [ -557253.937499999534339, -1127299.000000001164153 ], [ -557110.249999997671694, -1127583.249999999767169 ], [ -556590.687499998137355, -1127624.999999997438863 ], [ -556626.374999997671694, -1127727.000000003259629 ], [ -556371.374999997438863, -1127684.000000000465661 ], [ -556456.12499999802094, -1128171.99999999650754 ], [ -557287.875000002328306, -1128603.999999998835847 ], [ -557383.812500002793968, -1128996.999999998370185 ], [ -557774.499999997206032, -1129101.999999998835847 ], [ -557753.187499997206032, -1129314.00000000372529 ], [ -557999.624999996391125, -1129404.000000001862645 ], [ -558167.499999996740371, -1129190.000000000931323 ], [ -558597.687500000465661, -1129166.000000000232831 ], [ -558640.37500000197906, -1129308.999999997904524 ], [ -559376.812500000931323, -1129623.000000001396984 ], [ -560347.624999996973202, -1129186.999999998835847 ], [ -560283.18749999825377, -1128874.000000001164153 ], [ -559987.374999996740371, -1128671.000000002328306 ], [ -560537.874999997089617, -1128031.000000002793968 ], [ -560468.812500003143214, -1127894.999999999767169 ], [ -560274.500000001164153, -1127992.999999998137355 ], [ -560130.812499999301508, -1127477.999999999534339 ], [ -559977.499999996391125, -1127328.999999998137355 ], [ -560170.375000002793968, -1126980.999999997671694 ], [ -559897.312499996740371, -1126911.0 ], [ -559985.49999999650754, -1126587.999999998137355 ], [ -559611.812500000698492, -1126817.999999999767169 ], [ -559505.000000001629815, -1126615.999999998835847 ], [ -559359.312500003259629, -1126647.000000001396984 ], [ -559398.375000000349246, -1126773.999999998603016 ], [ -558060.625000003376044, -1127404.000000001629815 ], [ -557584.187500002793968, -1127227.999999997671694 ], [ -557514.8125, -1127416.000000001862645 ], [ -557358.81249999650754, -1127336.999999998370185 ] ] ] ] } },
{ "type": "Feature", "properties": { "AREA": 5308474, "PERIMETER": 20181, "ICZUJ": "589501", "NAZEV": "Hluchov", "OB91": 311, "OB01": 337, "OB_311202": 342.0, "NUTS5": "CZ0713589501", "NUTS4": "CZ0713", "NUTS3": "CZ071", "KRAJ1960": "3700", "NUTS2": "CZ07", "NK": "OL", "KODOK": "3709", "KODOB": "03989", "KO": "6", "ICOBCE": "589501", "OM": "8", "UR": "4", "SM": null, "PSC": "79841", "KODST": "07015", "KODFI": "13349", "KODMA": "01892", "SYOB": 566052, "SXOB": 1125418, "SYOB1": -566052, "SXOB1": -1125418, "MAPA": "24-21-25", "CISPOU": "71082", "OKPO": "3709", "KODPO": "13349", "NAZPO": "Prostìjov", "CISORP": "7108", "OKORP": "3709", "KODORP": "13349", "NAZORP": "Prostìjov", "NAZEV_ENG": "Hluchov", "NAZPO_ENG": "Prostejov", "NAZORP_ENG": "Prostejov" }, "geometry": { "type": "MultiPolygon", "coordinates": [ [ [ [ -565116.124999998952262, -1127339.000000002095476 ], [ -565234.304865623940714, -1127462.259615045739338 ], [ -565249.480083252070472, -1127410.225857234792784 ], [ -565273.735661693383008, -1127324.203670410672203 ], [ -565293.300690296688117, -1127252.364428614964709 ], [ -565116.124999998952262, -1127339.000000002095476 ] ] ], [ [ [ -565407.874999998486601, -1125493.000000001629815 ], [ -564831.125000001862645, -1125922.000000001862645 ], [ -565147.187500003259629, -1125963.999999999068677 ], [ -565107.125000000582077, -1126157.999999999767169 ], [ -565259.499999999534339, -1126588.99999999627471 ], [ -565465.815473016351461, -1126495.220239538233727 ], [ -565473.663471663370728, -1126453.389373617712408 ], [ -565489.358316679485142, -1126365.401752045145258 ], [ -565504.266140567604452, -1126277.277371208649129 ], [ -565518.385752460337244, -1126189.023270623059943 ], [ -565531.716024466557428, -1126100.646500151138753 ], [ -565544.255891745677218, -1126012.154119466431439 ], [ -565556.004352589836344, -1125923.553197467932478 ], [ -565566.960468513541855, -1125834.850811735959724 ], [ -565577.123364336788654, -1125746.054047946119681 ], [ -565586.492228214396164, -1125657.169999324949458 ], [ -565592.067385461647063, -1125599.322465328732505 ], [ -565580.875000000465661, -1125616.999999996973202 ], [ -565407.874999998486601, -1125493.000000001629815 ] ] ], [ [ [ -565560.812499998370185, -1125234.000000001396984 ], [ -565617.788755749468692, -1125271.51016904739663 ], [ -565621.402097834157757, -1125211.689202555688098 ], [ -565622.353040935937315, -1125193.201643703039736 ], [ -565560.812499998370185, -1125234.000000001396984 ] ] ] ] } },
{ "type": "Feature", "properties": { "AREA": 3770511, "PERIMETER": 9018, "ICZUJ": "589535", "NAZEV": "Hrdiboøice", "OB91": 253, "OB01": 241, "OB_311202": 238.0, "NUTS5": "CZ0713589535", "NUTS4": "CZ0713", "NUTS3": "CZ071", "KRAJ1960": "3700", "NUTS2": "CZ07", "NK": "OL", "KODOK": "3709", "KODOB": "04802", "KO": "0", "ICOBCE": "589535", "OM": "8", "UR": "4", "SM": null, "PSC": "79812", "KODST": "13349", "KODFI": "13349", "KODMA": "07244", "SYOB": 550636, "SXOB": 1134015, "SYOB1": -550636, "SXOB1": -1134015, "MAPA": "24-24-09", "CISPOU": "71082", "OKPO": "3709", "KODPO": "13349", "NAZPO": "Prostìjov", "CISORP": "7108", "OKORP": "3709", "KODORP": "13349", "NAZORP": "Prostìjov", "NAZEV_ENG": "Hrdiborice", "NAZPO_ENG": "Prostejov", "NAZORP_ENG": "Prostejov" }, "geometry": { "type": "MultiPolygon", "coordinates": [ [ [ [ -549831.097755824099295, -1132795.258252056781203 ], [ -549890.055645628017373, -1132837.055748161161318 ], [ -549963.427285385783762, -1132888.092521079815924 ], [ -550037.252138620475307, -1132938.471492435317487 ], [ -550111.524308106047101, -1132988.188637886662036 ], [ -550186.237860855879262, -1133037.239985936321318 ], [ -550261.386828646762297, -1133085.621618305100128 ], [ -550336.965208467328921, -1133133.329670193372294 ], [ -550412.966962997335941, -1133180.360330604016781 ], [ -550489.386021109297872, -1133226.709842655574903 ], [ -550566.216278331819922, -1133272.374503888888285 ], [ -550643.451597351348028, -1133317.350666545564309 ], [ -550721.085808498552069, -1133361.634737842949107 ], [ -550799.112710219575092, -1133405.223180319415405 ], [ -550877.526069629471749, -1133448.112512066029012 ], [ -550956.31962293968536, -1133490.299307011067867 ], [ -551035.487076003220864, -1133531.780195211758837 ], [ -551115.022104809293523, -1133572.551863108295947 ], [ -551194.918355984380469, -1133612.611053809290752 ], [ -551275.169447285821661, -1133651.954567322041839 ], [ -551355.768968141172081, -1133690.579260824015364 ], [ -551436.710480141453445, -1133728.482048922451213 ], [ -551517.987517558038235, -1133765.659903880907223 ], [ -551599.593587858369574, -1133802.109855879796669 ], [ -551632.873642452294007, -1133816.619258798426017 ], [ -551730.874999998486601, -1133392.000000002095476 ], [ -551606.124999996973202, -1133385.000000000232831 ], [ -551716.687499996623956, -1133150.999999998603016 ], [ -551318.624999997089617, -1133041.999999998137355 ], [ -551244.374999999650754, -1132807.99999999650754 ], [ -549920.624999999301508, -1132471.99999999627471 ], [ -549831.097755824099295, -1132795.258252056781203 ] ] ] ] } },
{ "type": "Feature", "properties": { "AREA": 14077650, "PERIMETER": 25219, "ICZUJ": "589632", "NAZEV": "Kostelec na Hané", "OB91": 2688, "OB01": 2746, "OB_311202": 2816.0, "NUTS5": "CZ0713589632", "NUTS4": "CZ0713", "NUTS3": "CZ071", "KRAJ1960": "3700", "NUTS2": "CZ07", "NK": "OL", "KODOK": "3709", "KODOB": "07015", "KO": "7", "ICOBCE": "589632", "OM": "8", "UR": "3", "SM": null, "PSC": "79841", "KODST": "07015", "KODFI": "13349", "KODMA": "07015", "SYOB": 561927, "SXOB": 1128906, "SYOB1": -561927, "SXOB1": -1128906, "MAPA": "24-24-01", "CISPOU": "71082", "OKPO": "3709", "KODPO": "13349", "NAZPO": "Prostìjov", "CISORP": "7108", "OKORP": "3709", "KODORP": "13349", "NAZORP": "Prostìjov", "NAZEV_ENG": "Kostelec na Hane", "NAZPO_ENG": "Prostejov", "NAZORP_ENG": "Prostejov" }, "geometry": { "type": "MultiPolygon", "coordinates": [ [ [ [ -560537.874999997089617, -1128031.000000002793968 ], [ -559987.374999996740371, -1128671.000000002328306 ], [ -560283.18749999825377, -1128874.000000001164153 ], [ -560347.624999996973202, -1129186.999999998835847 ], [ -559376.812500000931323, -1129623.000000001396984 ], [ -559641.187500002444722, -1129881.000000003259629 ], [ -559845.624999996973202, -1129829.000000002095476 ], [ -560203.499999997671694, -1130460.000000003259629 ], [ -560437.625000002793968, -1130356.999999999068677 ], [ -561123.375, -1131899.000000000232831 ], [ -561511.687500002561137, -1131888.99999999627471 ], [ -561960.625000001629815, -1131595.000000000931323 ], [ -561977.874999999650754, -1131708.999999999767169 ], [ -562234.124999997438863, -1131546.000000001629815 ], [ -562770.312499999883585, -1131542.000000001629815 ], [ -562819.812499998137355, -1130951.999999999534339 ], [ -562648.499999998603016, -1129827.99999999650754 ], [ -562870.187499998603016, -1129001.999999996740371 ], [ -563091.18750000174623, -1128930.000000002561137 ], [ -563019.31250000372529, -1128699.000000002793968 ], [ -563180.125000000116415, -1128618.000000002793968 ], [ -563044.625000003608875, -1128256.999999996740371 ], [ -563322.624999998603016, -1128105.000000000698492 ], [ -563271.812500000931323, -1127885.000000003259629 ], [ -564793.312500002561137, -1127089.999999998370185 ], [ -564842.12499999650754, -1127229.000000003259629 ], [ -564262.874999996973202, -1127587.000000000232831 ], [ -564287.374999996623956, -1127753.999999998370185 ], [ -565116.124999998952262, -1127339.000000002095476 ], [ -565293.300690296688117, -1127252.364428614964709 ], [ -565297.221443253103644, -1127237.968133798567578 ], [ -565319.935551865957677, -1127151.526136021362618 ], [ -565341.876173088559881, -1127064.884582185884938 ], [ -565363.041554278228432, -1126978.05039335321635 ], [ -565383.430004705442116, -1126891.030505968490615 ], [ -565403.039895710884593, -1126803.831871315836906 ], [ -565421.86966082570143, -1126716.461454949108884 ], [ -565439.917795912828296, -1126628.926236145431176 ], [ -565457.182859242195264, -1126541.2332073522266 ], [ -565465.815473016351461, -1126495.220239538233727 ], [ -565259.499999999534339, -1126588.99999999627471 ], [ -565107.125000000582077, -1126157.999999999767169 ], [ -564689.312500000232831, -1126231.999999997671694 ], [ -564748.124999998137355, -1126328.999999998137355 ], [ -564372.374999996623956, -1126622.000000002793968 ], [ -563938.500000001629815, -1126587.999999998137355 ], [ -563022.624999999417923, -1126980.999999997671694 ], [ -562865.124999998603016, -1127209.000000002793968 ], [ -561694.500000003259629, -1127304.999999997671694 ], [ -560537.874999997089617, -1128031.000000002793968 ] ] ] ] } },
{ "type": "Feature", "properties": { "AREA": 12578107, "PERIMETER": 19991, "ICZUJ": "589659", "NAZEV": "Kralice na Hané", "OB91": 1327, "OB01": 1399, "OB_311202": 1431.0, "NUTS5": "CZ0713589659", "NUTS4": "CZ0713", "NUTS3": "CZ071", "KRAJ1960": "3700", "NUTS2": "CZ07", "NK": "OL", "KODOK": "3709", "KODOB": "07244", "KO": "3", "ICOBCE": "589659", "OM": "8", "UR": "4", "SM": null, "PSC": "79812", "KODST": "13349", "KODFI": "13349", "KODMA": "07244", "SYOB": 553688, "SXOB": 1135443, "SYOB1": -553688, "SXOB1": -1135443, "MAPA": "24-24-13", "CISPOU": "71082", "OKPO": "3709", "KODPO": "13349", "NAZPO": "Prostìjov", "CISORP": "7108", "OKORP": "3709", "KODORP": "13349", "NAZORP": "Prostìjov", "NAZEV_ENG": "Kralice na Hane", "NAZPO_ENG": "Prostejov", "NAZORP_ENG": "Prostejov" }, "geometry": { "type": "MultiPolygon", "coordinates": [ [ [ [ -555592.311775291338563, -1134653.275147626874968 ], [ -555681.688224709359929, -1134653.275147626874968 ], [ -555771.061104362132028, -1134652.476340637076646 ], [ -555860.423275018925779, -1134650.878790456103161 ], [ -555949.767598286736757, -1134648.482624704251066 ], [ -556039.08693721704185, -1134645.288034793222323 ], [ -556128.374156836653128, -1134641.295275910524651 ], [ -556182.043374382890761, -1134638.414445822359994 ], [ -556202.0, -1134369.0 ], [ -555967.187499998137355, -1133887.000000000232831 ], [ -555751.374999998486601, -1133951.000000001629815 ], [ -555527.499999996973202, -1134304.625000002793968 ], [ -554631.375000003143214, -1134434.999999997671694 ], [ -554524.778037615236826, -1134591.31894975528121 ], [ -554610.976193748414516, -1134600.59949475270696 ], [ -554699.921046860283241, -1134609.372340076602995 ], [ -554788.940755243762396, -1134617.349885424366221 ], [ -554878.028207870898768, -1134624.531493540853262 ], [ -554967.176288303453475, -1134630.916590752778575 ], [ -555056.377875254489481, -1134636.504667005967349 ], [ -555145.625843164045364, -1134641.295275910524651 ], [ -555234.913062783656642, -1134645.288034793222323 ], [ -555324.232401713961735, -1134648.482624704251066 ], [ -555413.576724981656298, -1134650.878790456103161 ], [ -555502.938895631115884, -1134652.476340637076646 ], [ -555592.311775291338563, -1134653.275147626874968 ] ] ], [ [ [ -554344.661783198826015, -1134569.516484135296196 ], [ -554406.457757192896679, -1134577.289465798530728 ], [ -553900.125000000232831, -1134004.000000000931323 ], [ -553385.812499998603016, -1132939.999999999534339 ], [ -553007.62500000349246, -1132733.999999998603016 ], [ -552482.499999997438863, -1132696.999999999534339 ], [ -552160.812500002677552, -1133267.999999999301508 ], [ -551730.874999998486601, -1133392.000000002095476 ], [ -551632.873642452294007, -1133816.619258798426017 ], [ -551681.522172230528668, -1133837.82899324176833 ], [ -551763.766726091271266, -1133872.814462669892237 ], [ -551846.320679625496268, -1133907.063469474203885 ], [ -551929.177438294165768, -1133940.573277786374092 ], [ -552012.330383381806314, -1133973.341210793470964 ], [ -552095.772872504079714, -1134005.364650954026729 ], [ -552179.498240154935047, -1134036.641040170565248 ], [ -552263.499798222794197, -1134067.167880058754236 ], [ -552347.770836536074057, -1134096.942732066847384 ], [ -552432.304623395437375, -1134125.963217753218487 ], [ -552517.094406119431369, -1134154.227018913719803 ], [ -552602.133411575923674, -1134181.731877789832652 ], [ -552687.414846720988862, -1134208.475597249809653 ], [ -552772.931899145012721, -1134234.456040967488661 ], [ -552858.677737611695193, -1134259.671133594121784 ], [ -552944.645512618706562, -1134284.118860901333392 ], [ -553030.828356937039644, -1134307.797269968083128 ], [ -553117.219386149663478, -1134330.704469336895272 ], [ -553203.811699205078185, -1134352.838629134465009 ], [ -553290.598378985887393, -1134374.197981258621439 ], [ -553377.572492847917601, -1134394.780819483101368 ], [ -553464.727093151304871, -1134414.585499636363238 ], [ -553552.055217874469236, -1134433.610439677722752 ], [ -553639.549891107017174, -1134451.854119868483394 ], [ -553727.204123642062768, -1134469.315082876710221 ], [ -553815.010913529200479, -1134485.991933898068964 ], [ -553902.963246635743417, -1134501.883340758504346 ], [ -553991.054097193526104, -1134516.988034029025584 ], [ -554079.276428374228999, -1134531.304807120934129 ], [ -554167.623192844446748, -1134544.83251639152877 ], [ -554256.08733333251439, -1134557.570081225829199 ], [ -554344.661783198826015, -1134569.516484135296196 ] ] ] ] } },
{ "type": "Feature", "properties": { "AREA": 12851954, "PERIMETER": 20757, "ICZUJ": "589675", "NAZEV": "Lakov", "OB91": 623, "OB01": 591, "OB_311202": 588.0, "NUTS5": "CZ0713589675", "NUTS4": "CZ0713", "NUTS3": "CZ071", "KRAJ1960": "3700", "NUTS2": "CZ07", "NK": "OL", "KODOK": "3709", "KODOB": "07920", "KO": "1", "ICOBCE": "589675", "OM": "8", "UR": "4", "SM": null, "PSC": "79857", "KODST": "07015", "KODFI": "13349", "KODMA": "07920", "SYOB": 565172, "SXOB": 1120744, "SYOB1": -565172, "SXOB1": -1120744, "MAPA": "24-22-16", "CISPOU": "71082", "OKPO": "3709", "KODPO": "13349", "NAZPO": "Prostìjov", "CISORP": "7108", "OKORP": "3709", "KODORP": "13349", "NAZORP": "Prostìjov", "NAZEV_ENG": "Laskov", "NAZPO_ENG": "Prostejov", "NAZORP_ENG": "Prostejov" }, "geometry": { "type": "MultiPolygon", "coordinates": [ [ [ [ -563873.374999998486601, -1120606.999999999767169 ], [ -564049.375000002444722, -1120910.999999999068677 ], [ -564149.312500003026798, -1121012.375000002561137 ], [ -564240.875000000232831, -1120978.000000002561137 ], [ -564286.687499999767169, -1121081.125000002793968 ], [ -564258.06249999650754, -1121164.000000003026798 ], [ -564551.625000002095476, -1121393.999999996973202 ], [ -564592.812499998952262, -1121350.00000000349246 ], [ -564401.125000003376044, -1121189.750000000465661 ], [ -564386.81249999802094, -1121141.124999996740371 ], [ -564480.874999998137355, -1121088.999999999534339 ], [ -564728.93749999802094, -1121160.500000002095476 ], [ -564823.687500002561137, -1121334.124999999068677 ], [ -565023.687499999534339, -1121376.249999999767169 ], [ -565074.701691124588251, -1121347.411311676725745 ], [ -565073.194649031385779, -1121343.05318095558323 ], [ -565043.231574720004573, -1121258.848882446764037 ], [ -565012.517116545233876, -1121174.915743756107986 ], [ -564981.053728031460196, -1121091.260469599626958 ], [ -564948.84392251400277, -1121007.889742492465302 ], [ -564915.890272966120392, -1120924.810222193365917 ], [ -564882.195411767926998, -1120842.028545242501423 ], [ -564847.762030518613756, -1120759.551324347034097 ], [ -564812.592879812349565, -1120677.385147917084396 ], [ -564776.690769013715908, -1120595.536579504841939 ], [ -564740.058566025341861, -1120514.012157303048298 ], [ -564702.699197094189003, -1120432.818393606226891 ], [ -564664.615646541584283, -1120351.961774287046865 ], [ -564625.810956530971453, -1120271.448758294805884 ], [ -564586.288226844277233, -1120191.28577713156119 ], [ -564546.050614619278349, -1120111.479234336176887 ], [ -564505.101334088016301, -1120032.035504975123331 ], [ -564463.443656352348626, -1119952.960935133509338 ], [ -564449.305572191951796, -1119926.696009407751262 ], [ -564085.375000003259629, -1120570.999999999068677 ], [ -563873.374999998486601, -1120606.999999999767169 ] ] ] ] } },
{ "type": "Feature", "properties": { "AREA": 5494657, "PERIMETER": 11802, "ICZUJ": "589683", "NAZEV": "Leany", "OB91": 373, "OB01": 366, "OB_311202": 364.0, "NUTS5": "CZ0713589683", "NUTS4": "CZ0713", "NUTS3": "CZ071", "KRAJ1960": "3700", "NUTS2": "CZ07", "NK": "OL", "KODOK": "3709", "KODOB": "08042", "KO": "0", "ICOBCE": "589683", "OM": "8", "UR": "4", "SM": null, "PSC": "79842", "KODST": "07015", "KODFI": "13349", "KODMA": "07015", "SYOB": 564551, "SXOB": 1130236, "SYOB1": -564551, "SXOB1": -1130236, "MAPA": "24-24-06", "CISPOU": "71082", "OKPO": "3709", "KODPO": "13349", "NAZPO": "Prostìjov", "CISORP": "7108", "OKORP": "3709", "KODORP": "13349", "NAZORP": "Prostìjov", "NAZEV_ENG": "Lesany", "NAZPO_ENG": "Prostejov", "NAZORP_ENG": "Prostejov" }, "geometry": { "type": "MultiPolygon", "coordinates": [ [ [ [ -563038.624999999767169, -1130903.000000000232831 ], [ -563072.599753624526784, -1131339.941135239088908 ], [ -563114.123715622117743, -1131293.602476625470445 ], [ -563173.17247661948204, -1131226.510051306104288 ], [ -563231.619236876489595, -1131158.892554115736857 ], [ -563289.45932757598348, -1131090.755386443575844 ], [ -563346.688128374051303, -1131022.103991193929687 ], [ -563403.301067738095298, -1130952.943852329393849 ], [ -563459.293623349862173, -1130883.280494482256472 ], [ -563514.661322428146377, -1130813.119482452282682 ], [ -563569.399742131587118, -1130742.466420810902491 ], [ -563623.504509866703302, -1130671.326953429728746 ], [ -563676.971303669037297, -1130599.706763046327978 ], [ -563729.795852524926886, -1130527.611570769688115 ], [ -563781.973936730530113, -1130455.047135684872046 ], [ -563833.501388228498399, -1130382.019254343817011 ], [ -563884.374090915545821, -1130308.533760323189199 ], [ -563934.587981023127213, -1130234.596523753600195 ], [ -563984.139047372038476, -1130160.213450855342671 ], [ -564033.023331762291491, -1130085.390483452472836 ], [ -564081.236929241335019, -1130010.13359852344729 ], [ -564128.775988426641561, -1129934.448807699605823 ], [ -564175.636711834929883, -1129858.342156793922186 ], [ -564221.815356158418581, -1129781.819725315319374 ], [ -564267.308232579845935, -1129704.887625995557755 ], [ -564312.111707063857466, -1129627.55200429004617 ], [ -564356.222200633725151, -1129549.819037874694914 ], [ -564399.636189678683877, -1129471.694936175365001 ], [ -564442.350206222850829, -1129393.185939874034375 ], [ -564484.360838217544369, -1129314.298320369096473 ], [ -564525.664729780051857, -1129235.038379335775971 ], [ -564539.180107920314185, -1129208.52760186069645 ], [ -564513.874999996973202, -1129214.999999999534339 ], [ -563042.812499997671694, -1129878.000000001396984 ], [ -562940.37500000174623, -1130210.999999999534339 ], [ -563038.624999999767169, -1130903.000000000232831 ] ] ] ] } },
{ "type": "Feature", "properties": { "AREA": 8100341, "PERIMETER": 16429, "ICZUJ": "589730", "NAZEV": "Mostkovice", "OB91": 1315, "OB01": 1300, "OB_311202": 1302.0, "NUTS5": "CZ0713589730", "NUTS4": "CZ0713", "NUTS3": "CZ071", "KRAJ1960": "3700", "NUTS2": "CZ07", "NK": "OL", "KODOK": "3709", "KODOB": "09987", "KO": "2", "ICOBCE": "589730", "OM": "8", "UR": "4", "SM": null, "PSC": "79802", "KODST": "13349", "KODFI": "13349", "KODMA": "13349", "SYOB": 562841, "SXOB": 1133489, "SYOB1": -562841, "SXOB1": -1133489, "MAPA": "24-24-06", "CISPOU": "71082", "OKPO": "3709", "KODPO": "13349", "NAZPO": "Prostìjov", "CISORP": "7108", "OKORP": "3709", "KODORP": "13349", "NAZORP": "Prostìjov", "NAZEV_ENG": "Mostkovice", "NAZPO_ENG": "Prostejov", "NAZORP_ENG": "Prostejov" }, "geometry": { "type": "MultiPolygon", "coordinates": [ [ [ [ -562819.812499998137355, -1130951.999999999534339 ], [ -562770.312499999883585, -1131542.000000001629815 ], [ -562234.124999997438863, -1131546.000000001629815 ], [ -561977.874999999650754, -1131708.999999999767169 ], [ -561960.625000001629815, -1131595.000000000931323 ], [ -561511.687500002561137, -1131888.99999999627471 ], [ -561123.375, -1131899.000000000232831 ], [ -561194.625000003026798, -1132122.999999997904524 ], [ -561430.780053918948397, -1132803.852134943008423 ], [ -561456.856919607147574, -1132785.365250565577298 ], [ -561529.304585960111581, -1132733.025157416472211 ], [ -561601.281566203804687, -1132680.039649724261835 ], [ -561672.782110704109073, -1132626.41296003293246 ], [ -561743.800507892039604, -1132572.149372137151659 ], [ -561814.331084713106975, -1132517.253220692276955 ], [ -561884.368207083549351, -1132461.728890878148377 ], [ -561953.906280324328691, -1132405.580818061949685 ], [ -562022.939749632263556, -1132348.81348744686693 ], [ -562091.463100514840335, -1132291.431433682795614 ], [ -562159.470859223161824, -1132233.439240529201925 ], [ -562226.957593194558285, -1132174.841540504712611 ], [ -562293.917911485536024, -1132115.643014466390014 ], [ -562360.346465214155614, -1132055.848391289357096 ], [ -562426.237947955843993, -1131995.462447454221547 ], [ -562491.58709620044101, -1131934.490006681531668 ], [ -562556.388689778512344, -1131872.935939548769966 ], [ -562620.63755222025793, -1131810.805163072422147 ], [ -562684.328551242593676, -1131748.102640355937183 ], [ -562747.456599107594229, -1131684.833380185533315 ], [ -562810.01665305683855, -1131621.002436581067741 ], [ -562872.003715693019331, -1131556.614908475195989 ], [ -562933.412835398921743, -1131491.675939225591719 ], [ -562994.239106734283268, -1131426.190716256620362 ], [ -563054.477670786902308, -1131360.164470633026212 ], [ -563072.599753624526784, -1131339.941135239088908 ], [ -563038.624999999767169, -1130903.000000000232831 ], [ -562819.812499998137355, -1130951.999999999534339 ] ] ] ] } },
{ "type": "Feature", "properties": { "AREA": 11352672, "PERIMETER": 14403, "ICZUJ": "589829", "NAZEV": "Olany u Prostìjova", "OB91": 1414, "OB01": 1407, "OB_311202": 1420.0, "NUTS5": "CZ0713589829", "NUTS4": "CZ0713", "NUTS3": "CZ071", "KRAJ1960": "3700", "NUTS2": "CZ07", "NK": "OL", "KODOK": "3709", "KODOB": "11111", "KO": "2", "ICOBCE": "589829", "OM": "8", "UR": "4", "SM": null, "PSC": "79814", "KODST": "13349", "KODFI": "13349", "KODMA": "13349", "SYOB": 554017, "SXOB": 1127196, "SYOB1": -554017, "SXOB1": -1127196, "MAPA": "24-24-03", "CISPOU": "71082", "OKPO": "3709", "KODPO": "13349", "NAZPO": "Prostìjov", "CISORP": "7108", "OKORP": "3709", "KODORP": "13349", "NAZORP": "Prostìjov", "NAZEV_ENG": "Olsany u Prostejova", "NAZPO_ENG": "Prostejov", "NAZORP_ENG": "Prostejov" }, "geometry": { "type": "MultiPolygon", "coordinates": [ [ [ [ -553832.874999997206032, -1125697.999999996740371 ], [ -552894.12500000372529, -1126481.000000001396984 ], [ -553254.625000003376044, -1127072.000000001629815 ], [ -552823.374999999767169, -1127331.000000001862645 ], [ -552591.812499999301508, -1128526.000000000931323 ], [ -553703.624999996740371, -1128869.000000003026798 ], [ -553550.0, -1129155.99999999627471 ], [ -554481.687499997322448, -1129480.00000000372529 ], [ -555377.375000001280569, -1129356.999999999068677 ], [ -556072.625000003376044, -1128782.999999997206032 ], [ -556456.12499999802094, -1128171.99999999650754 ], [ -556371.374999997438863, -1127684.000000000465661 ], [ -556626.374999997671694, -1127727.000000003259629 ], [ -556590.687499998137355, -1127624.999999997438863 ], [ -556091.374999998603016, -1125991.999999999767169 ], [ -554725.625000001047738, -1125967.999999999301508 ], [ -554630.250000001396984, -1125699.500000001629815 ], [ -553903.625000001164153, -1125154.999999997671694 ], [ -553744.625000003259629, -1125259.999999998137355 ], [ -553832.874999997206032, -1125697.999999996740371 ] ] ] ] } },
{ "type": "Feature", "properties": { "AREA": 5654952, "PERIMETER": 12123, "ICZUJ": "589870", "NAZEV": "Pìnèín", "OB91": 728, "OB01": 722, "OB_311202": 745.0, "NUTS5": "CZ0713589870", "NUTS4": "CZ0713", "NUTS3": "CZ071", "KRAJ1960": "3700", "NUTS2": "CZ07", "NK": "OL", "KODOK": "3709", "KODOB": "11920", "KO": "2", "ICOBCE": "589870", "OM": "8", "UR": "4", "SM": null, "PSC": "79857", "KODST": "07015", "KODFI": "13349", "KODMA": "07920", "SYOB": 564572, "SXOB": 1122686, "SYOB1": -564572, "SXOB1": -1122686, "MAPA": "24-22-21", "CISPOU": "71082", "OKPO": "3709", "KODPO": "13349", "NAZPO": "Prostìjov", "CISORP": "7108", "OKORP": "3709", "KODORP": "13349", "NAZORP": "Prostìjov", "NAZEV_ENG": "Pencin", "NAZPO_ENG": "Prostejov", "NAZORP_ENG": "Prostejov" }, "geometry": { "type": "MultiPolygon", "coordinates": [ [ [ [ -563107.50000000349246, -1123262.000000001862645 ], [ -563317.625000000465661, -1123549.000000002561137 ], [ -564241.312499997555278, -1123632.999999996973202 ], [ -564350.812499997206032, -1123711.624999997671694 ], [ -564314.750000002095476, -1123860.874999998603016 ], [ -564444.812500003026798, -1123903.999999997438863 ], [ -564674.687500001047738, -1123360.999999998370185 ], [ -565493.809497086331248, -1122967.547107274644077 ], [ -565481.609194927150384, -1122897.336902714101598 ], [ -565465.521305570146069, -1122809.420297190314159 ], [ -565448.648299210704863, -1122721.650989526417106 ], [ -565430.99152369890362, -1122634.035990877076983 ], [ -565412.552389478427358, -1122546.582300042267889 ], [ -565393.332369497977197, -1122459.296902966685593 ], [ -565373.332999082747847, -1122372.186772132990882 ], [ -565352.555875815800391, -1122285.258866031421348 ], [ -565331.002659395220689, -1122198.52012859005481 ], [ -565308.675071529345587, -1122111.97748863697052 ], [ -565285.574895780300722, -1122025.637859316077083 ], [ -565261.703977420809679, -1121939.508137570461258 ], [ -565237.064223300432786, -1121853.595203574979678 ], [ -565211.657601680373773, -1121767.905920180957764 ], [ -565185.486142076551914, -1121682.447132378118113 ], [ -565158.551935102324933, -1121597.22566674137488 ], [ -565130.85713230422698, -1121512.248330891365185 ], [ -565102.403945989441127, -1121427.521912940777838 ], [ -565074.701691124588251, -1121347.411311676725745 ], [ -565023.687499999534339, -1121376.249999999767169 ], [ -564823.687500002561137, -1121334.124999999068677 ], [ -564728.93749999802094, -1121160.500000002095476 ], [ -564480.874999998137355, -1121088.999999999534339 ], [ -564386.81249999802094, -1121141.124999996740371 ], [ -564401.125000003376044, -1121189.750000000465661 ], [ -564592.812499998952262, -1121350.00000000349246 ], [ -564551.625000002095476, -1121393.999999996973202 ], [ -564258.06249999650754, -1121164.000000003026798 ], [ -564286.687499999767169, -1121081.125000002793968 ], [ -564240.875000000232831, -1120978.000000002561137 ], [ -564149.312500003026798, -1121012.375000002561137 ], [ -564049.375000002444722, -1120910.999999999068677 ], [ -564031.374999998370185, -1121255.999999997671694 ], [ -563214.500000000232831, -1122318.000000002793968 ], [ -563316.125000003259629, -1122829.000000001396984 ], [ -563107.50000000349246, -1123262.000000001862645 ] ] ] ] } },
{ "type": "Feature", "properties": { "AREA": 8369977, "PERIMETER": 15458, "ICZUJ": "590011", "NAZEV": "Slatinky", "OB91": 416, "OB01": 433, "OB_311202": 449.0, "NUTS5": "CZ0713590011", "NUTS4": "CZ0713", "NUTS3": "CZ071", "KRAJ1960": "3700", "NUTS2": "CZ07", "NK": "OL", "KODOK": "3709", "KODOB": "14982", "KO": "9", "ICOBCE": "590011", "OM": "8", "UR": "4", "SM": null, "PSC": "78342", "KODST": "13349", "KODFI": "13349", "KODMA": "15124", "SYOB": 558962, "SXOB": 1125328, "SYOB1": -558962, "SXOB1": -1125328, "MAPA": "24-22-22", "CISPOU": "71082", "OKPO": "3709", "KODPO": "13349", "NAZPO": "Prostìjov", "CISORP": "7108", "OKORP": "3709", "KODORP": "13349", "NAZORP": "Prostìjov", "NAZEV_ENG": "Slatinky", "NAZPO_ENG": "Prostejov", "NAZORP_ENG": "Prostejov" }, "geometry": { "type": "MultiPolygon", "coordinates": [ [ [ [ -557947.187499997904524, -1125830.999999997904524 ], [ -557358.81249999650754, -1127336.999999998370185 ], [ -557514.8125, -1127416.000000001862645 ], [ -557584.187500002793968, -1127227.999999997671694 ], [ -558060.625000003376044, -1127404.000000001629815 ], [ -559398.375000000349246, -1126773.999999998603016 ], [ -559359.312500003259629, -1126647.000000001396984 ], [ -559505.000000001629815, -1126615.999999998835847 ], [ -559611.812500000698492, -1126817.999999999767169 ], [ -559985.49999999650754, -1126587.999999998137355 ], [ -559897.312499996740371, -1126911.0 ], [ -560170.375000002793968, -1126980.999999997671694 ], [ -559977.499999996391125, -1127328.999999998137355 ], [ -560130.812499999301508, -1127477.999999999534339 ], [ -561394.49999999650754, -1126660.999999998137355 ], [ -560975.374999996740371, -1126093.999999998370185 ], [ -561109.37500000349246, -1125444.000000002328306 ], [ -561603.625000002910383, -1125059.000000003026798 ], [ -561349.312499999534339, -1124675.000000001862645 ], [ -561054.687500001629815, -1124288.999999996740371 ], [ -560623.812500000931323, -1124505.000000001862645 ], [ -560434.687500002561137, -1123978.000000003026798 ], [ -558947.12499999627471, -1124785.999999998603016 ], [ -558380.999999998603016, -1124735.000000003259629 ], [ -558360.687499996973202, -1125871.999999996973202 ], [ -557947.187499997904524, -1125830.999999997904524 ] ] ] ] } },
{ "type": "Feature", "properties": { "AREA": 12408285, "PERIMETER": 19979, "ICZUJ": "590029", "NAZEV": "Smrice", "OB91": 1560, "OB01": 1562, "OB_311202": 1566.0, "NUTS5": "CZ0713590029", "NUTS4": "CZ0713", "NUTS3": "CZ071", "KRAJ1960": "3700", "NUTS2": "CZ07", "NK": "OL", "KODOK": "3709", "KODOB": "15124", "KO": "6", "ICOBCE": "590029", "OM": "8", "UR": "4", "SM": null, "PSC": "79817", "KODST": "13349", "KODFI": "13349", "KODMA": "15124", "SYOB": 558509, "SXOB": 1130180, "SYOB1": -558509, "SXOB1": -1130180, "MAPA": "24-24-02", "CISPOU": "71082", "OKPO": "3709", "KODPO": "13349", "NAZPO": "Prostìjov", "CISORP": "7108", "OKORP": "3709", "KODORP": "13349", "NAZORP": "Prostìjov", "NAZEV_ENG": "Smrzice", "NAZPO_ENG": "Prostejov", "NAZORP_ENG": "Prostejov" }, "geometry": { "type": "MultiPolygon", "coordinates": [ [ [ [ -554481.687499997322448, -1129480.00000000372529 ], [ -554549.12499999802094, -1130227.0 ], [ -555878.812500000465661, -1129927.999999998835847 ], [ -556192.312499997322448, -1130357.999999997206032 ], [ -556663.124999997089617, -1130138.999999997904524 ], [ -558206.875000002444722, -1132405.000000000465661 ], [ -558485.875000003143214, -1131952.999999997671694 ], [ -559120.687499999068677, -1131944.999999997671694 ], [ -559629.50000000349246, -1132239.000000000465661 ], [ -559902.812500001629815, -1132040.999999999767169 ], [ -560137.875000003026798, -1132672.999999999068677 ], [ -560257.81249999650754, -1132660.999999998835847 ], [ -560302.624999997904524, -1132340.999999999068677 ], [ -560982.62499999825377, -1132332.000000000698492 ], [ -561194.625000003026798, -1132122.999999997904524 ], [ -561123.375, -1131899.000000000232831 ], [ -560437.625000002793968, -1130356.999999999068677 ], [ -560203.499999997671694, -1130460.000000003259629 ], [ -559845.624999996973202, -1129829.000000002095476 ], [ -559641.187500002444722, -1129881.000000003259629 ], [ -559376.812500000931323, -1129623.000000001396984 ], [ -558640.37500000197906, -1129308.999999997904524 ], [ -558597.687500000465661, -1129166.000000000232831 ], [ -558167.499999996740371, -1129190.000000000931323 ], [ -557999.624999996391125, -1129404.000000001862645 ], [ -557753.187499997206032, -1129314.00000000372529 ], [ -557774.499999997206032, -1129101.999999998835847 ], [ -557383.812500002793968, -1128996.999999998370185 ], [ -557287.875000002328306, -1128603.999999998835847 ], [ -556456.12499999802094, -1128171.99999999650754 ], [ -556072.625000003376044, -1128782.999999997206032 ], [ -555377.375000001280569, -1129356.999999999068677 ], [ -554481.687499997322448, -1129480.00000000372529 ] ] ] ] } },
{ "type": "Feature", "properties": { "AREA": 6274646, "PERIMETER": 14995, "ICZUJ": "590053", "NAZEV": "Staøechovice", "OB91": 505, "OB01": 537, "OB_311202": 534.0, "NUTS5": "CZ0713590053", "NUTS4": "CZ0713", "NUTS3": "CZ071", "KRAJ1960": "3700", "NUTS2": "CZ07", "NK": "OL", "KODOK": "3709", "KODOB": "15528", "KO": "4", "ICOBCE": "590053", "OM": "8", "UR": "4", "SM": null, "PSC": "79841", "KODST": "07015", "KODFI": "13349", "KODMA": "01892", "SYOB": 562039, "SXOB": 1126781, "SYOB1": -562039, "SXOB1": -1126781, "MAPA": "24-24-01", "CISPOU": "71082", "OKPO": "3709", "KODPO": "13349", "NAZPO": "Prostìjov", "CISORP": "7108", "OKORP": "3709", "KODORP": "13349", "NAZORP": "Prostìjov", "NAZEV_ENG": "Starechovice", "NAZPO_ENG": "Prostejov", "NAZORP_ENG": "Prostejov" }, "geometry": { "type": "MultiPolygon", "coordinates": [ [ [ [ -561394.49999999650754, -1126660.999999998137355 ], [ -560130.812499999301508, -1127477.999999999534339 ], [ -560274.500000001164153, -1127992.999999998137355 ], [ -560468.812500003143214, -1127894.999999999767169 ], [ -560537.874999997089617, -1128031.000000002793968 ], [ -561694.500000003259629, -1127304.999999997671694 ], [ -562865.124999998603016, -1127209.000000002793968 ], [ -563022.624999999417923, -1126980.999999997671694 ], [ -563938.500000001629815, -1126587.999999998137355 ], [ -564372.374999996623956, -1126622.000000002793968 ], [ -564748.124999998137355, -1126328.999999998137355 ], [ -564689.312500000232831, -1126231.999999997671694 ], [ -565107.125000000582077, -1126157.999999999767169 ], [ -565147.187500003259629, -1125963.999999999068677 ], [ -564831.125000001862645, -1125922.000000001862645 ], [ -565407.874999998486601, -1125493.000000001629815 ], [ -565308.812500000116415, -1125262.000000001862645 ], [ -564728.124999997671694, -1125012.999999998137355 ], [ -564306.874999997904524, -1125158.999999997671694 ], [ -564459.49999999650754, -1125514.999999998370185 ], [ -563927.999999998603016, -1125546.000000000931323 ], [ -563583.312500001396984, -1125182.999999998370185 ], [ -562828.312499997438863, -1125357.999999996740371 ], [ -562876.812499997671694, -1125145.000000001164153 ], [ -562703.000000002677552, -1124998.00000000349246 ], [ -561394.49999999650754, -1126660.999999998137355 ] ] ] ] } },
{ "type": "Feature", "properties": { "AREA": 13134049, "PERIMETER": 16937, "ICZUJ": "590185", "NAZEV": "Vrbátky", "OB91": 1519, "OB01": 1518, "OB_311202": 1571.0, "NUTS5": "CZ0713590185", "NUTS4": "CZ0713", "NUTS3": "CZ071", "KRAJ1960": "3700", "NUTS2": "CZ07", "NK": "OL", "KODOK": "3709", "KODOB": "18582", "KO": "5", "ICOBCE": "590185", "OM": "8", "UR": "4", "SM": null, "PSC": "79813", "KODST": "13349", "KODFI": "13349", "KODMA": "13349", "SYOB": 551784, "SXOB": 1130595, "SYOB1": -551784, "SXOB1": -1130595, "MAPA": "24-24-04", "CISPOU": "71082", "OKPO": "3709", "KODPO": "13349", "NAZPO": "Prostìjov", "CISORP": "7108", "OKORP": "3709", "KODORP": "13349", "NAZORP": "Prostìjov", "NAZEV_ENG": "Vrbatky", "NAZPO_ENG": "Prostejov", "NAZORP_ENG": "Prostejov" }, "geometry": { "type": "MultiPolygon", "coordinates": [ [ [ [ -551325.812499996973202, -1128578.000000002095476 ], [ -551505.312500001862645, -1129387.00000000349246 ], [ -551211.625000000232831, -1129890.000000001629815 ], [ -550816.500000000931323, -1130056.000000001629815 ], [ -550398.624999998835847, -1130809.000000001862645 ], [ -550502.875000000698492, -1131474.999999998137355 ], [ -550239.312499999534339, -1131870.999999999534339 ], [ -550004.375000001629815, -1132036.000000001396984 ], [ -549920.624999999301508, -1132471.99999999627471 ], [ -551244.374999999650754, -1132807.99999999650754 ], [ -551318.624999997089617, -1133041.999999998137355 ], [ -551716.687499996623956, -1133150.999999998603016 ], [ -551606.124999996973202, -1133385.000000000232831 ], [ -551730.874999998486601, -1133392.000000002095476 ], [ -552160.812500002677552, -1133267.999999999301508 ], [ -552482.499999997438863, -1132696.999999999534339 ], [ -553007.62500000349246, -1132733.999999998603016 ], [ -553212.624999998719431, -1132008.999999999068677 ], [ -553325.374999999767169, -1132027.000000003259629 ], [ -553795.00000000372529, -1130915.999999998603016 ], [ -553986.874999996973202, -1131150.999999998370185 ], [ -554325.624999999534339, -1130696.999999999301508 ], [ -554354.374999998835847, -1130271.000000000931323 ], [ -554549.12499999802094, -1130227.0 ], [ -554481.687499997322448, -1129480.00000000372529 ], [ -553550.0, -1129155.99999999627471 ], [ -553703.624999996740371, -1128869.000000003026798 ], [ -552591.812499999301508, -1128526.000000000931323 ], [ -552378.500000002561137, -1128891.999999997904524 ], [ -551325.812499996973202, -1128578.000000002095476 ] ] ] ] } }
]
}
